{
  service: 'baoafrik-api',
  environment: 'development',
  errno: -4078,
  code: 'ECONNREFUSED',
  syscall: 'connect',
  address: '127.0.0.1',
  port: 6379,
  level: 'error',
  message: 'Redis connection error: connect ECONNREFUSED 127.0.0.1:6379',
  stack: 'Error: connect ECONNREFUSED 127.0.0.1:6379\n' +
    '    at TCPConnectWrap.afterConnect [as oncomplete] (node:net:1634:16)',
  timestamp: '2025-09-19 01:21:59'
}
{
  service: 'baoafrik-api',
  environment: 'development',
  errno: -4078,
  code: 'ECONNREFUSED',
  syscall: 'connect',
  address: '127.0.0.1',
  port: 6379,
  level: 'error',
  message: 'Redis connection error: connect ECONNREFUSED 127.0.0.1:6379',
  stack: 'Error: connect ECONNREFUSED 127.0.0.1:6379\n' +
    '    at TCPConnectWrap.afterConnect [as oncomplete] (node:net:1634:16)',
  timestamp: '2025-09-19 01:22:10'
}
{
  service: 'baoafrik-api',
  environment: 'development',
  errno: -4078,
  code: 'ECONNREFUSED',
  syscall: 'connect',
  address: '127.0.0.1',
  port: 6379,
  level: 'error',
  message: 'Redis connection error: connect ECONNREFUSED 127.0.0.1:6379',
  stack: 'Error: connect ECONNREFUSED 127.0.0.1:6379\n' +
    '    at TCPConnectWrap.afterConnect [as oncomplete] (node:net:1634:16)',
  timestamp: '2025-09-19 01:22:20'
}
{
  service: 'baoafrik-api',
  environment: 'development',
  errno: -4078,
  code: 'ECONNREFUSED',
  syscall: 'connect',
  address: '127.0.0.1',
  port: 6379,
  level: 'error',
  message: 'Redis connection error: connect ECONNREFUSED 127.0.0.1:6379',
  stack: 'Error: connect ECONNREFUSED 127.0.0.1:6379\n' +
    '    at TCPConnectWrap.afterConnect [as oncomplete] (node:net:1634:16)',
  timestamp: '2025-09-19 01:25:43'
}
{
  service: 'baoafrik-api',
  environment: 'development',
  errno: -4078,
  code: 'ECONNREFUSED',
  syscall: 'connect',
  address: '127.0.0.1',
  port: 6379,
  level: 'error',
  message: 'Redis connection error: connect ECONNREFUSED 127.0.0.1:6379',
  stack: 'Error: connect ECONNREFUSED 127.0.0.1:6379\n' +
    '    at TCPConnectWrap.afterConnect [as oncomplete] (node:net:1634:16)',
  timestamp: '2025-09-19 08:50:32'
}
{
  service: 'baoafrik-api',
  environment: 'development',
  errno: -4078,
  code: 'ECONNREFUSED',
  syscall: 'connect',
  address: '127.0.0.1',
  port: 6379,
  level: 'error',
  message: 'Redis connection error: connect ECONNREFUSED 127.0.0.1:6379',
  stack: 'Error: connect ECONNREFUSED 127.0.0.1:6379\n' +
    '    at TCPConnectWrap.afterConnect [as oncomplete] (node:net:1634:16)',
  timestamp: '2025-09-19 08:59:50'
}
{
  service: 'baoafrik-api',
  environment: 'development',
  errno: -4078,
  code: 'ECONNREFUSED',
  syscall: 'connect',
  address: '127.0.0.1',
  port: 6379,
  level: 'error',
  message: 'Redis connection error: connect ECONNREFUSED 127.0.0.1:6379',
  stack: 'Error: connect ECONNREFUSED 127.0.0.1:6379\n' +
    '    at TCPConnectWrap.afterConnect [as oncomplete] (node:net:1634:16)',
  timestamp: '2025-09-19 09:12:30'
}
{
  service: 'baoafrik-api',
  environment: 'development',
  errno: -4078,
  code: 'ECONNREFUSED',
  syscall: 'connect',
  address: '127.0.0.1',
  port: 6379,
  level: 'error',
  message: 'Redis connection error: connect ECONNREFUSED 127.0.0.1:6379',
  stack: 'Error: connect ECONNREFUSED 127.0.0.1:6379\n' +
    '    at TCPConnectWrap.afterConnect [as oncomplete] (node:net:1634:16)',
  timestamp: '2025-09-19 09:15:41'
}
{
  service: 'baoafrik-api',
  environment: 'development',
  errno: -4078,
  code: 'ECONNREFUSED',
  syscall: 'connect',
  address: '127.0.0.1',
  port: 6379,
  level: 'error',
  message: 'Redis connection error: connect ECONNREFUSED 127.0.0.1:6379',
  stack: 'Error: connect ECONNREFUSED 127.0.0.1:6379\n' +
    '    at TCPConnectWrap.afterConnect [as oncomplete] (node:net:1634:16)',
  timestamp: '2025-09-19 09:19:17'
}
{
  service: 'baoafrik-api',
  environment: 'development',
  errno: -4078,
  code: 'ECONNREFUSED',
  syscall: 'connect',
  address: '127.0.0.1',
  port: 6379,
  level: 'error',
  message: 'Redis connection error: connect ECONNREFUSED 127.0.0.1:6379',
  stack: 'Error: connect ECONNREFUSED 127.0.0.1:6379\n' +
    '    at TCPConnectWrap.afterConnect [as oncomplete] (node:net:1634:16)',
  timestamp: '2025-09-19 09:19:17'
}
{
  service: 'baoafrik-api',
  environment: 'development',
  errno: -4078,
  code: 'ECONNREFUSED',
  syscall: 'connect',
  address: '127.0.0.1',
  port: 6379,
  level: 'error',
  message: 'Redis connection error: connect ECONNREFUSED 127.0.0.1:6379',
  stack: 'Error: connect ECONNREFUSED 127.0.0.1:6379\n' +
    '    at TCPConnectWrap.afterConnect [as oncomplete] (node:net:1634:16)',
  timestamp: '2025-09-19 09:19:18'
}
{
  service: 'baoafrik-api',
  environment: 'development',
  errno: -4078,
  code: 'ECONNREFUSED',
  syscall: 'connect',
  address: '127.0.0.1',
  port: 6379,
  level: 'error',
  message: 'Redis connection error: connect ECONNREFUSED 127.0.0.1:6379',
  stack: 'Error: connect ECONNREFUSED 127.0.0.1:6379\n' +
    '    at TCPConnectWrap.afterConnect [as oncomplete] (node:net:1634:16)',
  timestamp: '2025-09-19 09:19:18'
}
{
  service: 'baoafrik-api',
  environment: 'development',
  errno: -4078,
  code: 'ECONNREFUSED',
  syscall: 'connect',
  address: '127.0.0.1',
  port: 6379,
  level: 'error',
  message: 'Redis connection error: connect ECONNREFUSED 127.0.0.1:6379',
  stack: 'Error: connect ECONNREFUSED 127.0.0.1:6379\n' +
    '    at TCPConnectWrap.afterConnect [as oncomplete] (node:net:1634:16)',
  timestamp: '2025-09-19 09:19:50'
}
{
  service: 'baoafrik-api',
  environment: 'development',
  errno: -4078,
  code: 'ECONNREFUSED',
  syscall: 'connect',
  address: '127.0.0.1',
  port: 6379,
  level: 'error',
  message: 'Redis connection error: connect ECONNREFUSED 127.0.0.1:6379',
  stack: 'Error: connect ECONNREFUSED 127.0.0.1:6379\n' +
    '    at TCPConnectWrap.afterConnect [as oncomplete] (node:net:1634:16)',
  timestamp: '2025-09-19 09:19:50'
}
{
  service: 'baoafrik-api',
  environment: 'development',
  errno: -4078,
  code: 'ECONNREFUSED',
  syscall: 'connect',
  address: '127.0.0.1',
  port: 6379,
  level: 'error',
  message: 'Redis connection error: connect ECONNREFUSED 127.0.0.1:6379',
  stack: 'Error: connect ECONNREFUSED 127.0.0.1:6379\n' +
    '    at TCPConnectWrap.afterConnect [as oncomplete] (node:net:1634:16)',
  timestamp: '2025-09-19 09:19:50'
}
{
  service: 'baoafrik-api',
  environment: 'development',
  errno: -4078,
  code: 'ECONNREFUSED',
  syscall: 'connect',
  address: '127.0.0.1',
  port: 6379,
  level: 'error',
  message: 'Redis connection error: connect ECONNREFUSED 127.0.0.1:6379',
  stack: 'Error: connect ECONNREFUSED 127.0.0.1:6379\n' +
    '    at TCPConnectWrap.afterConnect [as oncomplete] (node:net:1634:16)',
  timestamp: '2025-09-19 09:19:51'
}
{
  service: 'baoafrik-api',
  environment: 'development',
  errno: -4078,
  code: 'ECONNREFUSED',
  syscall: 'connect',
  address: '127.0.0.1',
  port: 6379,
  level: 'error',
  message: 'Redis connection error: connect ECONNREFUSED 127.0.0.1:6379',
  stack: 'Error: connect ECONNREFUSED 127.0.0.1:6379\n' +
    '    at TCPConnectWrap.afterConnect [as oncomplete] (node:net:1634:16)',
  timestamp: '2025-09-19 09:20:49'
}
{
  service: 'baoafrik-api',
  environment: 'development',
  errno: -4078,
  code: 'ECONNREFUSED',
  syscall: 'connect',
  address: '127.0.0.1',
  port: 6379,
  level: 'error',
  message: 'Redis connection error: connect ECONNREFUSED 127.0.0.1:6379',
  stack: 'Error: connect ECONNREFUSED 127.0.0.1:6379\n' +
    '    at TCPConnectWrap.afterConnect [as oncomplete] (node:net:1634:16)',
  timestamp: '2025-09-19 09:20:49'
}
{
  service: 'baoafrik-api',
  environment: 'development',
  errno: -4078,
  code: 'ECONNREFUSED',
  syscall: 'connect',
  address: '127.0.0.1',
  port: 6379,
  level: 'error',
  message: 'Redis connection error: connect ECONNREFUSED 127.0.0.1:6379',
  stack: 'Error: connect ECONNREFUSED 127.0.0.1:6379\n' +
    '    at TCPConnectWrap.afterConnect [as oncomplete] (node:net:1634:16)',
  timestamp: '2025-09-19 09:20:49'
}
{
  service: 'baoafrik-api',
  environment: 'development',
  errno: -4078,
  code: 'ECONNREFUSED',
  syscall: 'connect',
  address: '127.0.0.1',
  port: 6379,
  level: 'error',
  message: 'Redis connection error: connect ECONNREFUSED 127.0.0.1:6379',
  stack: 'Error: connect ECONNREFUSED 127.0.0.1:6379\n' +
    '    at TCPConnectWrap.afterConnect [as oncomplete] (node:net:1634:16)',
  timestamp: '2025-09-19 09:20:49'
}
{
  service: 'baoafrik-api',
  environment: 'development',
  errno: -4078,
  code: 'ECONNREFUSED',
  syscall: 'connect',
  address: '127.0.0.1',
  port: 6379,
  level: 'error',
  message: 'Redis connection error: connect ECONNREFUSED 127.0.0.1:6379',
  stack: 'Error: connect ECONNREFUSED 127.0.0.1:6379\n' +
    '    at TCPConnectWrap.afterConnect [as oncomplete] (node:net:1634:16)',
  timestamp: '2025-09-19 09:30:46'
}
{
  service: 'baoafrik-api',
  environment: 'development',
  errno: -4078,
  code: 'ECONNREFUSED',
  syscall: 'connect',
  address: '127.0.0.1',
  port: 6379,
  level: 'error',
  message: 'Redis connection error: connect ECONNREFUSED 127.0.0.1:6379',
  stack: 'Error: connect ECONNREFUSED 127.0.0.1:6379\n' +
    '    at TCPConnectWrap.afterConnect [as oncomplete] (node:net:1634:16)',
  timestamp: '2025-09-19 09:30:46'
}
{
  service: 'baoafrik-api',
  environment: 'development',
  errno: -4078,
  code: 'ECONNREFUSED',
  syscall: 'connect',
  address: '127.0.0.1',
  port: 6379,
  level: 'error',
  message: 'Redis connection error: connect ECONNREFUSED 127.0.0.1:6379',
  stack: 'Error: connect ECONNREFUSED 127.0.0.1:6379\n' +
    '    at TCPConnectWrap.afterConnect [as oncomplete] (node:net:1634:16)',
  timestamp: '2025-09-19 09:30:47'
}
{
  service: 'baoafrik-api',
  environment: 'development',
  errno: -4078,
  code: 'ECONNREFUSED',
  syscall: 'connect',
  address: '127.0.0.1',
  port: 6379,
  level: 'error',
  message: 'Redis connection error: connect ECONNREFUSED 127.0.0.1:6379',
  stack: 'Error: connect ECONNREFUSED 127.0.0.1:6379\n' +
    '    at TCPConnectWrap.afterConnect [as oncomplete] (node:net:1634:16)',
  timestamp: '2025-09-19 09:30:47'
}
{
  service: 'baoafrik-api',
  environment: 'development',
  message: 'Error occurred: Not Found - /favicon.ico',
  stack: 'Error: Not Found - /favicon.ico\n' +
    '    at notFound (C:\\Users\\User\\Desktop\\BaoAfrik\\backend\\src\\middleware\\errorMiddleware.ts:25:17)\n' +
    '    at Layer.handle [as handle_request] (C:\\Users\\User\\Desktop\\BaoAfrik\\backend\\node_modules\\express\\lib\\router\\layer.js:95:5)\n' +
    '    at trim_prefix (C:\\Users\\User\\Desktop\\BaoAfrik\\backend\\node_modules\\express\\lib\\router\\index.js:328:13)\n' +
    '    at C:\\Users\\User\\Desktop\\BaoAfrik\\backend\\node_modules\\express\\lib\\router\\index.js:286:9\n' +
    '    at Function.process_params (C:\\Users\\User\\Desktop\\BaoAfrik\\backend\\node_modules\\express\\lib\\router\\index.js:346:12)\n' +
    '    at next (C:\\Users\\User\\Desktop\\BaoAfrik\\backend\\node_modules\\express\\lib\\router\\index.js:280:10)\n' +
    '    at requestLogger (C:\\Users\\User\\Desktop\\BaoAfrik\\backend\\src\\middleware\\loggingMiddleware.ts:58:3)\n' +
    '    at Layer.handle [as handle_request] (C:\\Users\\User\\Desktop\\BaoAfrik\\backend\\node_modules\\express\\lib\\router\\layer.js:95:5)\n' +
    '    at trim_prefix (C:\\Users\\User\\Desktop\\BaoAfrik\\backend\\node_modules\\express\\lib\\router\\index.js:328:13)\n' +
    '    at C:\\Users\\User\\Desktop\\BaoAfrik\\backend\\node_modules\\express\\lib\\router\\index.js:286:9',
  url: '/favicon.ico',
  method: 'GET',
  ip: '::1',
  userAgent: 'Mozilla/5.0 (Windows NT 10.0; Win64; x64) AppleWebKit/537.36 (KHTML, like Gecko) Chrome/140.0.0.0 Safari/537.36',
  level: 'error',
  timestamp: '2025-09-19 09:32:05'
}
{
  requestId: 'b5d2e8b0-cebe-452c-86d7-79374c01fc97',
  service: 'baoafrik-api',
  environment: 'development',
  statusCode: 404,
  response: {
    success: false,
    message: 'Not Found - /favicon.ico',
    stack: 'Error: Not Found - /favicon.ico\n' +
      '    at notFound (C:\\Users\\User\\Desktop\\BaoAfrik\\backend\\src\\middleware\\errorMiddleware.ts:25:17)\n' +
      '    at Layer.handle [as handle_request] (C:\\Users\\User\\Desktop\\BaoAfrik\\backend\\node_modules\\express\\lib\\router\\layer.js:95:5)\n' +
      '    at trim_prefix (C:\\Users\\User\\Desktop\\BaoAfrik\\backend\\node_modules\\express\\lib\\router\\index.js:328:13)\n' +
      '    at C:\\Users\\User\\Desktop\\BaoAfrik\\backend\\node_modules\\express\\lib\\router\\index.js:286:9\n' +
      '    at Function.process_params (C:\\Users\\User\\Desktop\\BaoAfrik\\backend\\node_modules\\express\\lib\\router\\index.js:346:12)\n' +
      '    at next (C:\\Users\\User\\Desktop\\BaoAfrik\\backend\\node_modules\\express\\lib\\router\\index.js:280:10)\n' +
      '    at requestLogger (C:\\Users\\User\\Desktop\\BaoAfrik\\backend\\src\\middleware\\loggingMiddleware.ts:58:3)\n' +
      '    at Layer.handle [as handle_request] (C:\\Users\\User\\Desktop\\BaoAfrik\\backend\\node_modules\\express\\lib\\router\\layer.js:95:5)\n' +
      '    at trim_prefix (C:\\Users\\User\\Desktop\\BaoAfrik\\backend\\node_modules\\express\\lib\\router\\index.js:328:13)\n' +
      '    at C:\\Users\\User\\Desktop\\BaoAfrik\\backend\\node_modules\\express\\lib\\router\\index.js:286:9',
    originalError: 'Not Found - /favicon.ico'
  },
  level: 'error',
  message: 'Error response',
  timestamp: '2025-09-19 09:32:05'
}
{
  service: 'baoafrik-api',
  environment: 'development',
  message: 'Error occurred: Not Found - /api',
  stack: 'Error: Not Found - /api\n' +
    '    at notFound (C:\\Users\\User\\Desktop\\BaoAfrik\\backend\\src\\middleware\\errorMiddleware.ts:25:17)\n' +
    '    at Layer.handle [as handle_request] (C:\\Users\\User\\Desktop\\BaoAfrik\\backend\\node_modules\\express\\lib\\router\\layer.js:95:5)\n' +
    '    at trim_prefix (C:\\Users\\User\\Desktop\\BaoAfrik\\backend\\node_modules\\express\\lib\\router\\index.js:328:13)\n' +
    '    at C:\\Users\\User\\Desktop\\BaoAfrik\\backend\\node_modules\\express\\lib\\router\\index.js:286:9\n' +
    '    at Function.process_params (C:\\Users\\User\\Desktop\\BaoAfrik\\backend\\node_modules\\express\\lib\\router\\index.js:346:12)\n' +
    '    at next (C:\\Users\\User\\Desktop\\BaoAfrik\\backend\\node_modules\\express\\lib\\router\\index.js:280:10)\n' +
    '    at requestLogger (C:\\Users\\User\\Desktop\\BaoAfrik\\backend\\src\\middleware\\loggingMiddleware.ts:58:3)\n' +
    '    at Layer.handle [as handle_request] (C:\\Users\\User\\Desktop\\BaoAfrik\\backend\\node_modules\\express\\lib\\router\\layer.js:95:5)\n' +
    '    at trim_prefix (C:\\Users\\User\\Desktop\\BaoAfrik\\backend\\node_modules\\express\\lib\\router\\index.js:328:13)\n' +
    '    at C:\\Users\\User\\Desktop\\BaoAfrik\\backend\\node_modules\\express\\lib\\router\\index.js:286:9',
  url: '/api',
  method: 'GET',
  ip: '::1',
  userAgent: 'Mozilla/5.0 (Windows NT 10.0; Win64; x64) AppleWebKit/537.36 (KHTML, like Gecko) Chrome/140.0.0.0 Safari/537.36',
  level: 'error',
  timestamp: '2025-09-19 09:33:05'
}
{
  requestId: '38009f4b-63d5-4d2f-8866-d31e6e342b16',
  service: 'baoafrik-api',
  environment: 'development',
  statusCode: 404,
  response: {
    success: false,
    message: 'Not Found - /api',
    stack: 'Error: Not Found - /api\n' +
      '    at notFound (C:\\Users\\User\\Desktop\\BaoAfrik\\backend\\src\\middleware\\errorMiddleware.ts:25:17)\n' +
      '    at Layer.handle [as handle_request] (C:\\Users\\User\\Desktop\\BaoAfrik\\backend\\node_modules\\express\\lib\\router\\layer.js:95:5)\n' +
      '    at trim_prefix (C:\\Users\\User\\Desktop\\BaoAfrik\\backend\\node_modules\\express\\lib\\router\\index.js:328:13)\n' +
      '    at C:\\Users\\User\\Desktop\\BaoAfrik\\backend\\node_modules\\express\\lib\\router\\index.js:286:9\n' +
      '    at Function.process_params (C:\\Users\\User\\Desktop\\BaoAfrik\\backend\\node_modules\\express\\lib\\router\\index.js:346:12)\n' +
      '    at next (C:\\Users\\User\\Desktop\\BaoAfrik\\backend\\node_modules\\express\\lib\\router\\index.js:280:10)\n' +
      '    at requestLogger (C:\\Users\\User\\Desktop\\BaoAfrik\\backend\\src\\middleware\\loggingMiddleware.ts:58:3)\n' +
      '    at Layer.handle [as handle_request] (C:\\Users\\User\\Desktop\\BaoAfrik\\backend\\node_modules\\express\\lib\\router\\layer.js:95:5)\n' +
      '    at trim_prefix (C:\\Users\\User\\Desktop\\BaoAfrik\\backend\\node_modules\\express\\lib\\router\\index.js:328:13)\n' +
      '    at C:\\Users\\User\\Desktop\\BaoAfrik\\backend\\node_modules\\express\\lib\\router\\index.js:286:9',
    originalError: 'Not Found - /api'
  },
  level: 'error',
  message: 'Error response',
  timestamp: '2025-09-19 09:33:05'
}
{
  service: 'baoafrik-api',
  environment: 'development',
  errno: -4078,
  code: 'ECONNREFUSED',
  syscall: 'connect',
  address: '127.0.0.1',
  port: 6379,
  level: 'error',
  message: 'Redis connection error: connect ECONNREFUSED 127.0.0.1:6379',
  stack: 'Error: connect ECONNREFUSED 127.0.0.1:6379\n' +
    '    at TCPConnectWrap.afterConnect [as oncomplete] (node:net:1634:16)',
  timestamp: '2025-09-19 09:36:28'
}
{
  service: 'baoafrik-api',
  environment: 'development',
  errno: -4078,
  code: 'ECONNREFUSED',
  syscall: 'connect',
  address: '127.0.0.1',
  port: 6379,
  level: 'error',
  message: 'Redis connection error: connect ECONNREFUSED 127.0.0.1:6379',
  stack: 'Error: connect ECONNREFUSED 127.0.0.1:6379\n' +
    '    at TCPConnectWrap.afterConnect [as oncomplete] (node:net:1634:16)',
  timestamp: '2025-09-19 09:36:28'
}
{
  service: 'baoafrik-api',
  environment: 'development',
  errno: -4078,
  code: 'ECONNREFUSED',
  syscall: 'connect',
  address: '127.0.0.1',
  port: 6379,
  level: 'error',
  message: 'Redis connection error: connect ECONNREFUSED 127.0.0.1:6379',
  stack: 'Error: connect ECONNREFUSED 127.0.0.1:6379\n' +
    '    at TCPConnectWrap.afterConnect [as oncomplete] (node:net:1634:16)',
  timestamp: '2025-09-19 09:36:29'
}
{
  service: 'baoafrik-api',
  environment: 'development',
  errno: -4078,
  code: 'ECONNREFUSED',
  syscall: 'connect',
  address: '127.0.0.1',
  port: 6379,
  level: 'error',
  message: 'Redis connection error: connect ECONNREFUSED 127.0.0.1:6379',
  stack: 'Error: connect ECONNREFUSED 127.0.0.1:6379\n' +
    '    at TCPConnectWrap.afterConnect [as oncomplete] (node:net:1634:16)',
  timestamp: '2025-09-19 09:36:29'
}
{
  service: 'baoafrik-api',
  environment: 'development',
  code: 'EAUTH',
  command: 'API',
  level: 'error',
  message: 'SMTP connection verification failed: Missing credentials for "PLAIN"',
  stack: 'Error: Missing credentials for "PLAIN"\n' +
    '    at SMTPConnection._formatError (C:\\Users\\User\\Desktop\\BaoAfrik\\backend\\node_modules\\nodemailer\\lib\\smtp-connection\\index.js:809:19)\n' +
    '    at SMTPConnection.login (C:\\Users\\User\\Desktop\\BaoAfrik\\backend\\node_modules\\nodemailer\\lib\\smtp-connection\\index.js:454:38)\n' +
    '    at C:\\Users\\User\\Desktop\\BaoAfrik\\backend\\node_modules\\nodemailer\\lib\\smtp-transport\\index.js:375:32\n' +
    '    at SMTPConnection.<anonymous> (C:\\Users\\User\\Desktop\\BaoAfrik\\backend\\node_modules\\nodemailer\\lib\\smtp-connection\\index.js:215:17)\n' +
    '    at Object.onceWrapper (node:events:632:28)\n' +
    '    at SMTPConnection.emit (node:events:518:28)\n' +
    '    at SMTPConnection.emit (node:domain:489:12)\n' +
    '    at SMTPConnection._actionEHLO (C:\\Users\\User\\Desktop\\BaoAfrik\\backend\\node_modules\\nodemailer\\lib\\smtp-connection\\index.js:1371:14)\n' +
    '    at SMTPConnection._processResponse (C:\\Users\\User\\Desktop\\BaoAfrik\\backend\\node_modules\\nodemailer\\lib\\smtp-connection\\index.js:993:20)\n' +
    '    at SMTPConnection._onData (C:\\Users\\User\\Desktop\\BaoAfrik\\backend\\node_modules\\nodemailer\\lib\\smtp-connection\\index.js:774:14)',
  timestamp: '2025-09-19 09:36:30'
}
{
  service: 'baoafrik-api',
  environment: 'development',
  errno: -4078,
  code: 'ECONNREFUSED',
  syscall: 'connect',
  address: '127.0.0.1',
  port: 6379,
  level: 'error',
  message: 'Redis connection error: connect ECONNREFUSED 127.0.0.1:6379',
  stack: 'Error: connect ECONNREFUSED 127.0.0.1:6379\n' +
    '    at TCPConnectWrap.afterConnect [as oncomplete] (node:net:1634:16)',
  timestamp: '2025-09-19 09:37:07'
}
{
  service: 'baoafrik-api',
  environment: 'development',
  errno: -4078,
  code: 'ECONNREFUSED',
  syscall: 'connect',
  address: '127.0.0.1',
  port: 6379,
  level: 'error',
  message: 'Redis connection error: connect ECONNREFUSED 127.0.0.1:6379',
  stack: 'Error: connect ECONNREFUSED 127.0.0.1:6379\n' +
    '    at TCPConnectWrap.afterConnect [as oncomplete] (node:net:1634:16)',
  timestamp: '2025-09-19 09:37:07'
}
{
  service: 'baoafrik-api',
  environment: 'development',
  errno: -4078,
  code: 'ECONNREFUSED',
  syscall: 'connect',
  address: '127.0.0.1',
  port: 6379,
  level: 'error',
  message: 'Redis connection error: connect ECONNREFUSED 127.0.0.1:6379',
  stack: 'Error: connect ECONNREFUSED 127.0.0.1:6379\n' +
    '    at TCPConnectWrap.afterConnect [as oncomplete] (node:net:1634:16)',
  timestamp: '2025-09-19 09:37:07'
}
{
  service: 'baoafrik-api',
  environment: 'development',
  errno: -4078,
  code: 'ECONNREFUSED',
  syscall: 'connect',
  address: '127.0.0.1',
  port: 6379,
  level: 'error',
  message: 'Redis connection error: connect ECONNREFUSED 127.0.0.1:6379',
  stack: 'Error: connect ECONNREFUSED 127.0.0.1:6379\n' +
    '    at TCPConnectWrap.afterConnect [as oncomplete] (node:net:1634:16)',
  timestamp: '2025-09-19 09:37:08'
}
{
  service: 'baoafrik-api',
  environment: 'development',
  code: 'EAUTH',
  command: 'API',
  level: 'error',
  message: 'SMTP connection verification failed: Missing credentials for "PLAIN"',
  stack: 'Error: Missing credentials for "PLAIN"\n' +
    '    at SMTPConnection._formatError (C:\\Users\\User\\Desktop\\BaoAfrik\\backend\\node_modules\\nodemailer\\lib\\smtp-connection\\index.js:809:19)\n' +
    '    at SMTPConnection.login (C:\\Users\\User\\Desktop\\BaoAfrik\\backend\\node_modules\\nodemailer\\lib\\smtp-connection\\index.js:454:38)\n' +
    '    at C:\\Users\\User\\Desktop\\BaoAfrik\\backend\\node_modules\\nodemailer\\lib\\smtp-transport\\index.js:375:32\n' +
    '    at SMTPConnection.<anonymous> (C:\\Users\\User\\Desktop\\BaoAfrik\\backend\\node_modules\\nodemailer\\lib\\smtp-connection\\index.js:215:17)\n' +
    '    at Object.onceWrapper (node:events:632:28)\n' +
    '    at SMTPConnection.emit (node:events:518:28)\n' +
    '    at SMTPConnection.emit (node:domain:489:12)\n' +
    '    at SMTPConnection._actionEHLO (C:\\Users\\User\\Desktop\\BaoAfrik\\backend\\node_modules\\nodemailer\\lib\\smtp-connection\\index.js:1371:14)\n' +
    '    at SMTPConnection._processResponse (C:\\Users\\User\\Desktop\\BaoAfrik\\backend\\node_modules\\nodemailer\\lib\\smtp-connection\\index.js:993:20)\n' +
    '    at SMTPConnection._onData (C:\\Users\\User\\Desktop\\BaoAfrik\\backend\\node_modules\\nodemailer\\lib\\smtp-connection\\index.js:774:14)',
  timestamp: '2025-09-19 09:37:08'
}
{
  service: 'baoafrik-api',
  environment: 'development',
  errno: -4078,
  code: 'ECONNREFUSED',
  syscall: 'connect',
  address: '127.0.0.1',
  port: 6379,
  level: 'error',
  message: 'Redis connection error: connect ECONNREFUSED 127.0.0.1:6379',
  stack: 'Error: connect ECONNREFUSED 127.0.0.1:6379\n' +
    '    at TCPConnectWrap.afterConnect [as oncomplete] (node:net:1634:16)',
  timestamp: '2025-09-19 09:37:18'
}
{
  service: 'baoafrik-api',
  environment: 'development',
  errno: -4078,
  code: 'ECONNREFUSED',
  syscall: 'connect',
  address: '127.0.0.1',
  port: 6379,
  level: 'error',
  message: 'Redis connection error: connect ECONNREFUSED 127.0.0.1:6379',
  stack: 'Error: connect ECONNREFUSED 127.0.0.1:6379\n' +
    '    at TCPConnectWrap.afterConnect [as oncomplete] (node:net:1634:16)',
  timestamp: '2025-09-19 09:37:18'
}
{
  service: 'baoafrik-api',
  environment: 'development',
  errno: -4078,
  code: 'ECONNREFUSED',
  syscall: 'connect',
  address: '127.0.0.1',
  port: 6379,
  level: 'error',
  message: 'Redis connection error: connect ECONNREFUSED 127.0.0.1:6379',
  stack: 'Error: connect ECONNREFUSED 127.0.0.1:6379\n' +
    '    at TCPConnectWrap.afterConnect [as oncomplete] (node:net:1634:16)',
  timestamp: '2025-09-19 09:37:19'
}
{
  service: 'baoafrik-api',
  environment: 'development',
  errno: -4078,
  code: 'ECONNREFUSED',
  syscall: 'connect',
  address: '127.0.0.1',
  port: 6379,
  level: 'error',
  message: 'Redis connection error: connect ECONNREFUSED 127.0.0.1:6379',
  stack: 'Error: connect ECONNREFUSED 127.0.0.1:6379\n' +
    '    at TCPConnectWrap.afterConnect [as oncomplete] (node:net:1634:16)',
  timestamp: '2025-09-19 09:37:19'
}
{
  service: 'baoafrik-api',
  environment: 'development',
  code: 'EAUTH',
  command: 'API',
  level: 'error',
  message: 'SMTP connection verification failed: Missing credentials for "PLAIN"',
  stack: 'Error: Missing credentials for "PLAIN"\n' +
    '    at SMTPConnection._formatError (C:\\Users\\User\\Desktop\\BaoAfrik\\backend\\node_modules\\nodemailer\\lib\\smtp-connection\\index.js:809:19)\n' +
    '    at SMTPConnection.login (C:\\Users\\User\\Desktop\\BaoAfrik\\backend\\node_modules\\nodemailer\\lib\\smtp-connection\\index.js:454:38)\n' +
    '    at C:\\Users\\User\\Desktop\\BaoAfrik\\backend\\node_modules\\nodemailer\\lib\\smtp-transport\\index.js:375:32\n' +
    '    at SMTPConnection.<anonymous> (C:\\Users\\User\\Desktop\\BaoAfrik\\backend\\node_modules\\nodemailer\\lib\\smtp-connection\\index.js:215:17)\n' +
    '    at Object.onceWrapper (node:events:632:28)\n' +
    '    at SMTPConnection.emit (node:events:518:28)\n' +
    '    at SMTPConnection.emit (node:domain:489:12)\n' +
    '    at SMTPConnection._actionEHLO (C:\\Users\\User\\Desktop\\BaoAfrik\\backend\\node_modules\\nodemailer\\lib\\smtp-connection\\index.js:1371:14)\n' +
    '    at SMTPConnection._processResponse (C:\\Users\\User\\Desktop\\BaoAfrik\\backend\\node_modules\\nodemailer\\lib\\smtp-connection\\index.js:993:20)\n' +
    '    at SMTPConnection._onData (C:\\Users\\User\\Desktop\\BaoAfrik\\backend\\node_modules\\nodemailer\\lib\\smtp-connection\\index.js:774:14)',
  timestamp: '2025-09-19 09:37:19'
}
{
  service: 'baoafrik-api',
  environment: 'development',
  errno: -4078,
  code: 'ECONNREFUSED',
  syscall: 'connect',
  address: '127.0.0.1',
  port: 6379,
  level: 'error',
  message: 'Redis connection error: connect ECONNREFUSED 127.0.0.1:6379',
  stack: 'Error: connect ECONNREFUSED 127.0.0.1:6379\n' +
    '    at TCPConnectWrap.afterConnect [as oncomplete] (node:net:1634:16)',
  timestamp: '2025-09-19 09:37:34'
}
{
  service: 'baoafrik-api',
  environment: 'development',
  errno: -4078,
  code: 'ECONNREFUSED',
  syscall: 'connect',
  address: '127.0.0.1',
  port: 6379,
  level: 'error',
  message: 'Redis connection error: connect ECONNREFUSED 127.0.0.1:6379',
  stack: 'Error: connect ECONNREFUSED 127.0.0.1:6379\n' +
    '    at TCPConnectWrap.afterConnect [as oncomplete] (node:net:1634:16)',
  timestamp: '2025-09-19 09:37:34'
}
{
  service: 'baoafrik-api',
  environment: 'development',
  errno: -4078,
  code: 'ECONNREFUSED',
  syscall: 'connect',
  address: '127.0.0.1',
  port: 6379,
  level: 'error',
  message: 'Redis connection error: connect ECONNREFUSED 127.0.0.1:6379',
  stack: 'Error: connect ECONNREFUSED 127.0.0.1:6379\n' +
    '    at TCPConnectWrap.afterConnect [as oncomplete] (node:net:1634:16)',
  timestamp: '2025-09-19 09:37:34'
}
{
  service: 'baoafrik-api',
  environment: 'development',
  errno: -4078,
  code: 'ECONNREFUSED',
  syscall: 'connect',
  address: '127.0.0.1',
  port: 6379,
  level: 'error',
  message: 'Redis connection error: connect ECONNREFUSED 127.0.0.1:6379',
  stack: 'Error: connect ECONNREFUSED 127.0.0.1:6379\n' +
    '    at TCPConnectWrap.afterConnect [as oncomplete] (node:net:1634:16)',
  timestamp: '2025-09-19 09:37:35'
}
{
  service: 'baoafrik-api',
  environment: 'development',
  code: 'EAUTH',
  command: 'API',
  level: 'error',
  message: 'SMTP connection verification failed: Missing credentials for "PLAIN"',
  stack: 'Error: Missing credentials for "PLAIN"\n' +
    '    at SMTPConnection._formatError (C:\\Users\\User\\Desktop\\BaoAfrik\\backend\\node_modules\\nodemailer\\lib\\smtp-connection\\index.js:809:19)\n' +
    '    at SMTPConnection.login (C:\\Users\\User\\Desktop\\BaoAfrik\\backend\\node_modules\\nodemailer\\lib\\smtp-connection\\index.js:454:38)\n' +
    '    at C:\\Users\\User\\Desktop\\BaoAfrik\\backend\\node_modules\\nodemailer\\lib\\smtp-transport\\index.js:375:32\n' +
    '    at SMTPConnection.<anonymous> (C:\\Users\\User\\Desktop\\BaoAfrik\\backend\\node_modules\\nodemailer\\lib\\smtp-connection\\index.js:215:17)\n' +
    '    at Object.onceWrapper (node:events:632:28)\n' +
    '    at SMTPConnection.emit (node:events:518:28)\n' +
    '    at SMTPConnection.emit (node:domain:489:12)\n' +
    '    at SMTPConnection._actionEHLO (C:\\Users\\User\\Desktop\\BaoAfrik\\backend\\node_modules\\nodemailer\\lib\\smtp-connection\\index.js:1371:14)\n' +
    '    at SMTPConnection._processResponse (C:\\Users\\User\\Desktop\\BaoAfrik\\backend\\node_modules\\nodemailer\\lib\\smtp-connection\\index.js:993:20)\n' +
    '    at SMTPConnection._onData (C:\\Users\\User\\Desktop\\BaoAfrik\\backend\\node_modules\\nodemailer\\lib\\smtp-connection\\index.js:774:14)',
  timestamp: '2025-09-19 09:37:35'
}
{
  service: 'baoafrik-api',
  environment: 'development',
  errno: -4078,
  code: 'ECONNREFUSED',
  syscall: 'connect',
  address: '127.0.0.1',
  port: 6379,
  level: 'error',
  message: 'Redis connection error: connect ECONNREFUSED 127.0.0.1:6379',
  stack: 'Error: connect ECONNREFUSED 127.0.0.1:6379\n' +
    '    at TCPConnectWrap.afterConnect [as oncomplete] (node:net:1634:16)',
  timestamp: '2025-09-19 09:37:47'
}
{
  service: 'baoafrik-api',
  environment: 'development',
  errno: -4078,
  code: 'ECONNREFUSED',
  syscall: 'connect',
  address: '127.0.0.1',
  port: 6379,
  level: 'error',
  message: 'Redis connection error: connect ECONNREFUSED 127.0.0.1:6379',
  stack: 'Error: connect ECONNREFUSED 127.0.0.1:6379\n' +
    '    at TCPConnectWrap.afterConnect [as oncomplete] (node:net:1634:16)',
  timestamp: '2025-09-19 09:37:47'
}
{
  service: 'baoafrik-api',
  environment: 'development',
  errno: -4078,
  code: 'ECONNREFUSED',
  syscall: 'connect',
  address: '127.0.0.1',
  port: 6379,
  level: 'error',
  message: 'Redis connection error: connect ECONNREFUSED 127.0.0.1:6379',
  stack: 'Error: connect ECONNREFUSED 127.0.0.1:6379\n' +
    '    at TCPConnectWrap.afterConnect [as oncomplete] (node:net:1634:16)',
  timestamp: '2025-09-19 09:37:47'
}
{
  service: 'baoafrik-api',
  environment: 'development',
  errno: -4078,
  code: 'ECONNREFUSED',
  syscall: 'connect',
  address: '127.0.0.1',
  port: 6379,
  level: 'error',
  message: 'Redis connection error: connect ECONNREFUSED 127.0.0.1:6379',
  stack: 'Error: connect ECONNREFUSED 127.0.0.1:6379\n' +
    '    at TCPConnectWrap.afterConnect [as oncomplete] (node:net:1634:16)',
  timestamp: '2025-09-19 09:37:47'
}
{
  service: 'baoafrik-api',
  environment: 'development',
  errno: -4078,
  code: 'ECONNREFUSED',
  syscall: 'connect',
  address: '127.0.0.1',
  port: 6379,
  level: 'error',
  message: 'Redis connection error: connect ECONNREFUSED 127.0.0.1:6379',
  stack: 'Error: connect ECONNREFUSED 127.0.0.1:6379\n' +
    '    at TCPConnectWrap.afterConnect [as oncomplete] (node:net:1634:16)',
  timestamp: '2025-09-19 09:38:01'
}
{
  service: 'baoafrik-api',
  environment: 'development',
  errno: -4078,
  code: 'ECONNREFUSED',
  syscall: 'connect',
  address: '127.0.0.1',
  port: 6379,
  level: 'error',
  message: 'Redis connection error: connect ECONNREFUSED 127.0.0.1:6379',
  stack: 'Error: connect ECONNREFUSED 127.0.0.1:6379\n' +
    '    at TCPConnectWrap.afterConnect [as oncomplete] (node:net:1634:16)',
  timestamp: '2025-09-19 09:38:01'
}
{
  service: 'baoafrik-api',
  environment: 'development',
  errno: -4078,
  code: 'ECONNREFUSED',
  syscall: 'connect',
  address: '127.0.0.1',
  port: 6379,
  level: 'error',
  message: 'Redis connection error: connect ECONNREFUSED 127.0.0.1:6379',
  stack: 'Error: connect ECONNREFUSED 127.0.0.1:6379\n' +
    '    at TCPConnectWrap.afterConnect [as oncomplete] (node:net:1634:16)',
  timestamp: '2025-09-19 09:38:01'
}
{
  service: 'baoafrik-api',
  environment: 'development',
  errno: -4078,
  code: 'ECONNREFUSED',
  syscall: 'connect',
  address: '127.0.0.1',
  port: 6379,
  level: 'error',
  message: 'Redis connection error: connect ECONNREFUSED 127.0.0.1:6379',
  stack: 'Error: connect ECONNREFUSED 127.0.0.1:6379\n' +
    '    at TCPConnectWrap.afterConnect [as oncomplete] (node:net:1634:16)',
  timestamp: '2025-09-19 09:38:01'
}
{
  service: 'baoafrik-api',
  environment: 'development',
  code: 'EAUTH',
  command: 'API',
  level: 'error',
  message: 'SMTP connection verification failed: Missing credentials for "PLAIN"',
  stack: 'Error: Missing credentials for "PLAIN"\n' +
    '    at SMTPConnection._formatError (C:\\Users\\User\\Desktop\\BaoAfrik\\backend\\node_modules\\nodemailer\\lib\\smtp-connection\\index.js:809:19)\n' +
    '    at SMTPConnection.login (C:\\Users\\User\\Desktop\\BaoAfrik\\backend\\node_modules\\nodemailer\\lib\\smtp-connection\\index.js:454:38)\n' +
    '    at C:\\Users\\User\\Desktop\\BaoAfrik\\backend\\node_modules\\nodemailer\\lib\\smtp-transport\\index.js:375:32\n' +
    '    at SMTPConnection.<anonymous> (C:\\Users\\User\\Desktop\\BaoAfrik\\backend\\node_modules\\nodemailer\\lib\\smtp-connection\\index.js:215:17)\n' +
    '    at Object.onceWrapper (node:events:632:28)\n' +
    '    at SMTPConnection.emit (node:events:518:28)\n' +
    '    at SMTPConnection.emit (node:domain:489:12)\n' +
    '    at SMTPConnection._actionEHLO (C:\\Users\\User\\Desktop\\BaoAfrik\\backend\\node_modules\\nodemailer\\lib\\smtp-connection\\index.js:1371:14)\n' +
    '    at SMTPConnection._processResponse (C:\\Users\\User\\Desktop\\BaoAfrik\\backend\\node_modules\\nodemailer\\lib\\smtp-connection\\index.js:993:20)\n' +
    '    at SMTPConnection._onData (C:\\Users\\User\\Desktop\\BaoAfrik\\backend\\node_modules\\nodemailer\\lib\\smtp-connection\\index.js:774:14)',
  timestamp: '2025-09-19 09:38:02'
}
{
  service: 'baoafrik-api',
  environment: 'development',
  errno: -4078,
  code: 'ECONNREFUSED',
  syscall: 'connect',
  address: '127.0.0.1',
  port: 6379,
  level: 'error',
  message: 'Redis connection error: connect ECONNREFUSED 127.0.0.1:6379',
  stack: 'Error: connect ECONNREFUSED 127.0.0.1:6379\n' +
    '    at TCPConnectWrap.afterConnect [as oncomplete] (node:net:1634:16)',
  timestamp: '2025-09-19 09:38:14'
}
{
  service: 'baoafrik-api',
  environment: 'development',
  errno: -4078,
  code: 'ECONNREFUSED',
  syscall: 'connect',
  address: '127.0.0.1',
  port: 6379,
  level: 'error',
  message: 'Redis connection error: connect ECONNREFUSED 127.0.0.1:6379',
  stack: 'Error: connect ECONNREFUSED 127.0.0.1:6379\n' +
    '    at TCPConnectWrap.afterConnect [as oncomplete] (node:net:1634:16)',
  timestamp: '2025-09-19 09:38:14'
}
{
  service: 'baoafrik-api',
  environment: 'development',
  errno: -4078,
  code: 'ECONNREFUSED',
  syscall: 'connect',
  address: '127.0.0.1',
  port: 6379,
  level: 'error',
  message: 'Redis connection error: connect ECONNREFUSED 127.0.0.1:6379',
  stack: 'Error: connect ECONNREFUSED 127.0.0.1:6379\n' +
    '    at TCPConnectWrap.afterConnect [as oncomplete] (node:net:1634:16)',
  timestamp: '2025-09-19 09:38:14'
}
{
  service: 'baoafrik-api',
  environment: 'development',
  errno: -4078,
  code: 'ECONNREFUSED',
  syscall: 'connect',
  address: '127.0.0.1',
  port: 6379,
  level: 'error',
  message: 'Redis connection error: connect ECONNREFUSED 127.0.0.1:6379',
  stack: 'Error: connect ECONNREFUSED 127.0.0.1:6379\n' +
    '    at TCPConnectWrap.afterConnect [as oncomplete] (node:net:1634:16)',
  timestamp: '2025-09-19 09:38:14'
}
{
  service: 'baoafrik-api',
  environment: 'development',
  code: 'EAUTH',
  command: 'API',
  level: 'error',
  message: 'SMTP connection verification failed: Missing credentials for "PLAIN"',
  stack: 'Error: Missing credentials for "PLAIN"\n' +
    '    at SMTPConnection._formatError (C:\\Users\\User\\Desktop\\BaoAfrik\\backend\\node_modules\\nodemailer\\lib\\smtp-connection\\index.js:809:19)\n' +
    '    at SMTPConnection.login (C:\\Users\\User\\Desktop\\BaoAfrik\\backend\\node_modules\\nodemailer\\lib\\smtp-connection\\index.js:454:38)\n' +
    '    at C:\\Users\\User\\Desktop\\BaoAfrik\\backend\\node_modules\\nodemailer\\lib\\smtp-transport\\index.js:375:32\n' +
    '    at SMTPConnection.<anonymous> (C:\\Users\\User\\Desktop\\BaoAfrik\\backend\\node_modules\\nodemailer\\lib\\smtp-connection\\index.js:215:17)\n' +
    '    at Object.onceWrapper (node:events:632:28)\n' +
    '    at SMTPConnection.emit (node:events:518:28)\n' +
    '    at SMTPConnection.emit (node:domain:489:12)\n' +
    '    at SMTPConnection._actionEHLO (C:\\Users\\User\\Desktop\\BaoAfrik\\backend\\node_modules\\nodemailer\\lib\\smtp-connection\\index.js:1371:14)\n' +
    '    at SMTPConnection._processResponse (C:\\Users\\User\\Desktop\\BaoAfrik\\backend\\node_modules\\nodemailer\\lib\\smtp-connection\\index.js:993:20)\n' +
    '    at SMTPConnection._onData (C:\\Users\\User\\Desktop\\BaoAfrik\\backend\\node_modules\\nodemailer\\lib\\smtp-connection\\index.js:774:14)',
  timestamp: '2025-09-19 09:38:15'
}
{
  service: 'baoafrik-api',
  environment: 'development',
  errno: -4078,
  code: 'ECONNREFUSED',
  syscall: 'connect',
  address: '127.0.0.1',
  port: 6379,
  level: 'error',
  message: 'Redis connection error: connect ECONNREFUSED 127.0.0.1:6379',
  stack: 'Error: connect ECONNREFUSED 127.0.0.1:6379\n' +
    '    at TCPConnectWrap.afterConnect [as oncomplete] (node:net:1634:16)',
  timestamp: '2025-09-19 09:40:46'
}
{
  service: 'baoafrik-api',
  environment: 'development',
  errno: -4078,
  code: 'ECONNREFUSED',
  syscall: 'connect',
  address: '127.0.0.1',
  port: 6379,
  level: 'error',
  message: 'Redis connection error: connect ECONNREFUSED 127.0.0.1:6379',
  stack: 'Error: connect ECONNREFUSED 127.0.0.1:6379\n' +
    '    at TCPConnectWrap.afterConnect [as oncomplete] (node:net:1634:16)',
  timestamp: '2025-09-19 09:40:46'
}
{
  service: 'baoafrik-api',
  environment: 'development',
  errno: -4078,
  code: 'ECONNREFUSED',
  syscall: 'connect',
  address: '127.0.0.1',
  port: 6379,
  level: 'error',
  message: 'Redis connection error: connect ECONNREFUSED 127.0.0.1:6379',
  stack: 'Error: connect ECONNREFUSED 127.0.0.1:6379\n' +
    '    at TCPConnectWrap.afterConnect [as oncomplete] (node:net:1634:16)',
  timestamp: '2025-09-19 09:40:47'
}
{
  service: 'baoafrik-api',
  environment: 'development',
  errno: -4078,
  code: 'ECONNREFUSED',
  syscall: 'connect',
  address: '127.0.0.1',
  port: 6379,
  level: 'error',
  message: 'Redis connection error: connect ECONNREFUSED 127.0.0.1:6379',
  stack: 'Error: connect ECONNREFUSED 127.0.0.1:6379\n' +
    '    at TCPConnectWrap.afterConnect [as oncomplete] (node:net:1634:16)',
  timestamp: '2025-09-19 09:40:47'
}
{
  service: 'baoafrik-api',
  environment: 'development',
  code: 'EAUTH',
  command: 'API',
  level: 'error',
  message: 'SMTP connection verification failed: Missing credentials for "PLAIN"',
  stack: 'Error: Missing credentials for "PLAIN"\n' +
    '    at SMTPConnection._formatError (C:\\Users\\User\\Desktop\\BaoAfrik\\backend\\node_modules\\nodemailer\\lib\\smtp-connection\\index.js:809:19)\n' +
    '    at SMTPConnection.login (C:\\Users\\User\\Desktop\\BaoAfrik\\backend\\node_modules\\nodemailer\\lib\\smtp-connection\\index.js:454:38)\n' +
    '    at C:\\Users\\User\\Desktop\\BaoAfrik\\backend\\node_modules\\nodemailer\\lib\\smtp-transport\\index.js:375:32\n' +
    '    at SMTPConnection.<anonymous> (C:\\Users\\User\\Desktop\\BaoAfrik\\backend\\node_modules\\nodemailer\\lib\\smtp-connection\\index.js:215:17)\n' +
    '    at Object.onceWrapper (node:events:632:28)\n' +
    '    at SMTPConnection.emit (node:events:518:28)\n' +
    '    at SMTPConnection.emit (node:domain:489:12)\n' +
    '    at SMTPConnection._actionEHLO (C:\\Users\\User\\Desktop\\BaoAfrik\\backend\\node_modules\\nodemailer\\lib\\smtp-connection\\index.js:1371:14)\n' +
    '    at SMTPConnection._processResponse (C:\\Users\\User\\Desktop\\BaoAfrik\\backend\\node_modules\\nodemailer\\lib\\smtp-connection\\index.js:993:20)\n' +
    '    at SMTPConnection._onData (C:\\Users\\User\\Desktop\\BaoAfrik\\backend\\node_modules\\nodemailer\\lib\\smtp-connection\\index.js:774:14)',
  timestamp: '2025-09-19 09:40:47'
}
{
  service: 'baoafrik-api',
  environment: 'development',
  code: 'EAUTH',
  response: '535-5.7.8 Username and Password not accepted. For more information, go to\n' +
    '535 5.7.8  https://support.google.com/mail/?p=BadCredentials 5b1f17b1804b1-46139ba88d0sm115160525e9.10 - gsmtp',
  responseCode: 535,
  command: 'AUTH PLAIN',
  level: 'error',
  message: 'SMTP connection verification failed: Invalid login: 535-5.7.8 Username and Password not accepted. For more information, go to\n' +
    '535 5.7.8  https://support.google.com/mail/?p=BadCredentials 5b1f17b1804b1-46139ba88d0sm115160525e9.10 - gsmtp',
  stack: 'Error: Invalid login: 535-5.7.8 Username and Password not accepted. For more information, go to\n' +
    '535 5.7.8  https://support.google.com/mail/?p=BadCredentials 5b1f17b1804b1-46139ba88d0sm115160525e9.10 - gsmtp\n' +
    '    at SMTPConnection._formatError (C:\\Users\\User\\Desktop\\BaoAfrik\\backend\\node_modules\\nodemailer\\lib\\smtp-connection\\index.js:809:19)\n' +
    '    at SMTPConnection._actionAUTHComplete (C:\\Users\\User\\Desktop\\BaoAfrik\\backend\\node_modules\\nodemailer\\lib\\smtp-connection\\index.js:1588:34)\n' +
    '    at SMTPConnection.<anonymous> (C:\\Users\\User\\Desktop\\BaoAfrik\\backend\\node_modules\\nodemailer\\lib\\smtp-connection\\index.js:556:26)\n' +
    '    at SMTPConnection._processResponse (C:\\Users\\User\\Desktop\\BaoAfrik\\backend\\node_modules\\nodemailer\\lib\\smtp-connection\\index.js:993:20)\n' +
    '    at SMTPConnection._onData (C:\\Users\\User\\Desktop\\BaoAfrik\\backend\\node_modules\\nodemailer\\lib\\smtp-connection\\index.js:774:14)\n' +
    '    at TLSSocket.SMTPConnection._onSocketData (C:\\Users\\User\\Desktop\\BaoAfrik\\backend\\node_modules\\nodemailer\\lib\\smtp-connection\\index.js:195:44)\n' +
    '    at TLSSocket.emit (node:events:518:28)\n' +
    '    at TLSSocket.emit (node:domain:489:12)\n' +
    '    at addChunk (node:internal/streams/readable:561:12)\n' +
    '    at readableAddChunkPushByteMode (node:internal/streams/readable:512:3)',
  timestamp: '2025-09-19 09:49:58'
}
{
  service: 'baoafrik-api',
  environment: 'development',
  code: 'EAUTH',
  response: '535-5.7.8 Username and Password not accepted. For more information, go to\n' +
    '535 5.7.8  https://support.google.com/mail/?p=BadCredentials 5b1f17b1804b1-464f4f9f4e4sm87209695e9.13 - gsmtp',
  responseCode: 535,
  command: 'AUTH PLAIN',
  level: 'error',
  message: 'SMTP connection verification failed: Invalid login: 535-5.7.8 Username and Password not accepted. For more information, go to\n' +
    '535 5.7.8  https://support.google.com/mail/?p=BadCredentials 5b1f17b1804b1-464f4f9f4e4sm87209695e9.13 - gsmtp',
  stack: 'Error: Invalid login: 535-5.7.8 Username and Password not accepted. For more information, go to\n' +
    '535 5.7.8  https://support.google.com/mail/?p=BadCredentials 5b1f17b1804b1-464f4f9f4e4sm87209695e9.13 - gsmtp\n' +
    '    at SMTPConnection._formatError (C:\\Users\\User\\Desktop\\BaoAfrik\\backend\\node_modules\\nodemailer\\lib\\smtp-connection\\index.js:809:19)\n' +
    '    at SMTPConnection._actionAUTHComplete (C:\\Users\\User\\Desktop\\BaoAfrik\\backend\\node_modules\\nodemailer\\lib\\smtp-connection\\index.js:1588:34)\n' +
    '    at SMTPConnection.<anonymous> (C:\\Users\\User\\Desktop\\BaoAfrik\\backend\\node_modules\\nodemailer\\lib\\smtp-connection\\index.js:556:26)\n' +
    '    at SMTPConnection._processResponse (C:\\Users\\User\\Desktop\\BaoAfrik\\backend\\node_modules\\nodemailer\\lib\\smtp-connection\\index.js:993:20)\n' +
    '    at SMTPConnection._onData (C:\\Users\\User\\Desktop\\BaoAfrik\\backend\\node_modules\\nodemailer\\lib\\smtp-connection\\index.js:774:14)\n' +
    '    at TLSSocket.SMTPConnection._onSocketData (C:\\Users\\User\\Desktop\\BaoAfrik\\backend\\node_modules\\nodemailer\\lib\\smtp-connection\\index.js:195:44)\n' +
    '    at TLSSocket.emit (node:events:518:28)\n' +
    '    at TLSSocket.emit (node:domain:489:12)\n' +
    '    at addChunk (node:internal/streams/readable:561:12)\n' +
    '    at readableAddChunkPushByteMode (node:internal/streams/readable:512:3)',
  timestamp: '2025-09-19 09:53:50'
}
{
  service: 'baoafrik-api',
  environment: 'development',
  error: 'Invalid login: 535-5.7.8 Username and Password not accepted. For more information, go to\n' +
    '535 5.7.8  https://support.google.com/mail/?p=BadCredentials 5b1f17b1804b1-462c17c9347sm60688655e9.0 - gsmtp',
  to: 'test@example.com',
  subject: 'Verify your BaoAfrik account',
  level: 'error',
  message: 'Failed to send email',
  timestamp: '2025-09-19 21:43:55'
}
{
  service: 'baoafrik-api',
  environment: 'development',
  message: 'Error occurred: Invalid or expired verification code',
  stack: 'Error: Invalid or expired verification code\n' +
    '    at createUnauthorizedError (C:\\Users\\User\\Desktop\\BaoAfrik\\backend\\src\\utils\\errorUtils.ts:31:10)\n' +
    '    at C:\\Users\\User\\Desktop\\BaoAfrik\\backend\\src\\controllers\\authController.ts:305:34',
  url: '/api/auth/verify-email',
  method: 'POST',
  ip: '::1',
  userAgent: 'PostmanRuntime/7.46.1',
  level: 'error',
  timestamp: '2025-09-19 21:44:35'
}
{
  requestId: '67a2e619-3104-4f90-a15a-56a942b31e60',
  service: 'baoafrik-api',
  environment: 'development',
  statusCode: 500,
  response: {
    success: false,
    message: 'Internal Server Error',
    stack: 'Error: Invalid or expired verification code\n' +
      '    at createUnauthorizedError (C:\\Users\\User\\Desktop\\BaoAfrik\\backend\\src\\utils\\errorUtils.ts:31:10)\n' +
      '    at C:\\Users\\User\\Desktop\\BaoAfrik\\backend\\src\\controllers\\authController.ts:305:34',
    originalError: 'Invalid or expired verification code'
  },
  level: 'error',
  message: 'Error response',
  timestamp: '2025-09-19 21:44:35'
}
{
  service: 'baoafrik-api',
  environment: 'development',
  message: 'Error occurred: Please verify your email before logging in',
  stack: 'Error: Please verify your email before logging in\n' +
    '    at createUnauthorizedError (C:\\Users\\User\\Desktop\\BaoAfrik\\backend\\src\\utils\\errorUtils.ts:31:10)\n' +
    '    at C:\\Users\\User\\Desktop\\BaoAfrik\\backend\\src\\controllers\\authController.ts:148:34',
  url: '/api/auth/login',
  method: 'POST',
  ip: '::1',
  userAgent: 'PostmanRuntime/7.46.1',
  level: 'error',
  timestamp: '2025-09-19 21:44:49'
}
{
  requestId: '0f2a4a48-cef9-4707-98e6-9d1051910c45',
  service: 'baoafrik-api',
  environment: 'development',
  statusCode: 500,
  response: {
    success: false,
    message: 'Internal Server Error',
    stack: 'Error: Please verify your email before logging in\n' +
      '    at createUnauthorizedError (C:\\Users\\User\\Desktop\\BaoAfrik\\backend\\src\\utils\\errorUtils.ts:31:10)\n' +
      '    at C:\\Users\\User\\Desktop\\BaoAfrik\\backend\\src\\controllers\\authController.ts:148:34',
    originalError: 'Please verify your email before logging in'
  },
  level: 'error',
  message: 'Error response',
  timestamp: '2025-09-19 21:44:49'
}
{
  service: 'baoafrik-api',
  environment: 'development',
  message: 'Error occurred: Invalid access token',
  stack: 'Error: Invalid access token\n' +
    '    at createUnauthorizedError (C:\\Users\\User\\Desktop\\BaoAfrik\\backend\\src\\utils\\errorUtils.ts:31:10)\n' +
    '    at C:\\Users\\User\\Desktop\\BaoAfrik\\backend\\src\\middleware\\authMiddleware.ts:86:36\n' +
    '    at C:\\Users\\User\\Desktop\\BaoAfrik\\backend\\src\\utils\\asyncHandler.ts:10:21\n' +
    '    at Layer.handle [as handle_request] (C:\\Users\\User\\Desktop\\BaoAfrik\\backend\\node_modules\\express\\lib\\router\\layer.js:95:5)\n' +
    '    at next (C:\\Users\\User\\Desktop\\BaoAfrik\\backend\\node_modules\\express\\lib\\router\\route.js:149:13)\n' +
    '    at C:\\Users\\User\\Desktop\\BaoAfrik\\backend\\node_modules\\express-rate-limit\\dist\\index.cjs:807:7\n' +
    '    at processTicksAndRejections (node:internal/process/task_queues:105:5)\n' +
    '    at async C:\\Users\\User\\Desktop\\BaoAfrik\\backend\\node_modules\\express-rate-limit\\dist\\index.cjs:691:5',
  url: '/api/auth/me',
  method: 'GET',
  ip: '::1',
  userAgent: 'PostmanRuntime/7.46.1',
  level: 'error',
  timestamp: '2025-09-19 21:44:59'
}
{
  requestId: '795affff-7a15-46ea-b453-f2a0c5f41995',
  service: 'baoafrik-api',
  environment: 'development',
  statusCode: 500,
  response: {
    success: false,
    message: 'Internal Server Error',
    stack: 'Error: Invalid access token\n' +
      '    at createUnauthorizedError (C:\\Users\\User\\Desktop\\BaoAfrik\\backend\\src\\utils\\errorUtils.ts:31:10)\n' +
      '    at C:\\Users\\User\\Desktop\\BaoAfrik\\backend\\src\\middleware\\authMiddleware.ts:86:36\n' +
      '    at C:\\Users\\User\\Desktop\\BaoAfrik\\backend\\src\\utils\\asyncHandler.ts:10:21\n' +
      '    at Layer.handle [as handle_request] (C:\\Users\\User\\Desktop\\BaoAfrik\\backend\\node_modules\\express\\lib\\router\\layer.js:95:5)\n' +
      '    at next (C:\\Users\\User\\Desktop\\BaoAfrik\\backend\\node_modules\\express\\lib\\router\\route.js:149:13)\n' +
      '    at C:\\Users\\User\\Desktop\\BaoAfrik\\backend\\node_modules\\express-rate-limit\\dist\\index.cjs:807:7\n' +
      '    at processTicksAndRejections (node:internal/process/task_queues:105:5)\n' +
      '    at async C:\\Users\\User\\Desktop\\BaoAfrik\\backend\\node_modules\\express-rate-limit\\dist\\index.cjs:691:5',
    originalError: 'Invalid access token'
  },
  level: 'error',
  message: 'Error response',
  timestamp: '2025-09-19 21:44:59'
}
{
  service: 'baoafrik-api',
  environment: 'development',
  code: 'EAUTH',
  response: '535-5.7.8 Username and Password not accepted. For more information, go to\n' +
    '535 5.7.8  https://support.google.com/mail/?p=BadCredentials ffacd0b85a97d-3ee0fbc7478sm9168574f8f.38 - gsmtp',
  responseCode: 535,
  command: 'AUTH PLAIN',
  level: 'error',
  message: 'SMTP connection verification failed: Invalid login: 535-5.7.8 Username and Password not accepted. For more information, go to\n' +
    '535 5.7.8  https://support.google.com/mail/?p=BadCredentials ffacd0b85a97d-3ee0fbc7478sm9168574f8f.38 - gsmtp',
  stack: 'Error: Invalid login: 535-5.7.8 Username and Password not accepted. For more information, go to\n' +
    '535 5.7.8  https://support.google.com/mail/?p=BadCredentials ffacd0b85a97d-3ee0fbc7478sm9168574f8f.38 - gsmtp\n' +
    '    at SMTPConnection._formatError (C:\\Users\\User\\Desktop\\BaoAfrik\\backend\\node_modules\\nodemailer\\lib\\smtp-connection\\index.js:809:19)\n' +
    '    at SMTPConnection._actionAUTHComplete (C:\\Users\\User\\Desktop\\BaoAfrik\\backend\\node_modules\\nodemailer\\lib\\smtp-connection\\index.js:1588:34)\n' +
    '    at SMTPConnection.<anonymous> (C:\\Users\\User\\Desktop\\BaoAfrik\\backend\\node_modules\\nodemailer\\lib\\smtp-connection\\index.js:556:26)\n' +
    '    at SMTPConnection._processResponse (C:\\Users\\User\\Desktop\\BaoAfrik\\backend\\node_modules\\nodemailer\\lib\\smtp-connection\\index.js:993:20)\n' +
    '    at SMTPConnection._onData (C:\\Users\\User\\Desktop\\BaoAfrik\\backend\\node_modules\\nodemailer\\lib\\smtp-connection\\index.js:774:14)\n' +
    '    at TLSSocket.SMTPConnection._onSocketData (C:\\Users\\User\\Desktop\\BaoAfrik\\backend\\node_modules\\nodemailer\\lib\\smtp-connection\\index.js:195:44)\n' +
    '    at TLSSocket.emit (node:events:518:28)\n' +
    '    at TLSSocket.emit (node:domain:489:12)\n' +
    '    at addChunk (node:internal/streams/readable:561:12)\n' +
    '    at readableAddChunkPushByteMode (node:internal/streams/readable:512:3)',
  timestamp: '2025-09-19 21:49:31'
}
{
  service: 'baoafrik-api',
  environment: 'development',
  message: 'Error occurred: User with this email already exists',
  stack: 'Error: User with this email already exists\n' +
    '    at createConflictError (C:\\Users\\User\\Desktop\\BaoAfrik\\backend\\src\\utils\\errorUtils.ts:43:10)\n' +
    '    at C:\\Users\\User\\Desktop\\BaoAfrik\\backend\\src\\controllers\\authController.ts:53:30',
  url: '/api/auth/register',
  method: 'POST',
  ip: '::1',
  userAgent: 'PostmanRuntime/7.46.1',
  level: 'error',
  timestamp: '2025-09-19 21:51:02'
}
{
  requestId: '9914f18d-f6eb-4c39-ae99-4d9fb840f256',
  service: 'baoafrik-api',
  environment: 'development',
  statusCode: 500,
  response: {
    success: false,
    message: 'Internal Server Error',
    stack: 'Error: User with this email already exists\n' +
      '    at createConflictError (C:\\Users\\User\\Desktop\\BaoAfrik\\backend\\src\\utils\\errorUtils.ts:43:10)\n' +
      '    at C:\\Users\\User\\Desktop\\BaoAfrik\\backend\\src\\controllers\\authController.ts:53:30',
    originalError: 'User with this email already exists'
  },
  level: 'error',
  message: 'Error response',
  timestamp: '2025-09-19 21:51:02'
}
{
  service: 'baoafrik-api',
  environment: 'development',
  message: 'Error occurred: Invalid or expired verification code',
  stack: 'Error: Invalid or expired verification code\n' +
    '    at createUnauthorizedError (C:\\Users\\User\\Desktop\\BaoAfrik\\backend\\src\\utils\\errorUtils.ts:31:10)\n' +
    '    at C:\\Users\\User\\Desktop\\BaoAfrik\\backend\\src\\controllers\\authController.ts:305:34',
  url: '/api/auth/verify-email',
  method: 'POST',
  ip: '::1',
  userAgent: 'PostmanRuntime/7.46.1',
  level: 'error',
  timestamp: '2025-09-19 21:51:57'
}
{
  requestId: 'ea94f8e1-c109-468e-8f02-20affbf32d42',
  service: 'baoafrik-api',
  environment: 'development',
  statusCode: 500,
  response: {
    success: false,
    message: 'Internal Server Error',
    stack: 'Error: Invalid or expired verification code\n' +
      '    at createUnauthorizedError (C:\\Users\\User\\Desktop\\BaoAfrik\\backend\\src\\utils\\errorUtils.ts:31:10)\n' +
      '    at C:\\Users\\User\\Desktop\\BaoAfrik\\backend\\src\\controllers\\authController.ts:305:34',
    originalError: 'Invalid or expired verification code'
  },
  level: 'error',
  message: 'Error response',
  timestamp: '2025-09-19 21:51:57'
}
{
  service: 'baoafrik-api',
  environment: 'development',
  error: 'Invalid login: 535-5.7.8 Username and Password not accepted. For more information, go to\n' +
    '535 5.7.8  https://support.google.com/mail/?p=BadCredentials 5b1f17b1804b1-4613d14d2b0sm143153105e9.13 - gsmtp',
  to: 'test@example.com',
  subject: 'Verify your BaoAfrik account',
  level: 'error',
  message: 'Failed to send email',
  timestamp: '2025-09-19 21:52:07'
}
{
  service: 'baoafrik-api',
  environment: 'development',
  message: 'Error occurred: Invalid or expired verification code',
  stack: 'Error: Invalid or expired verification code\n' +
    '    at createUnauthorizedError (C:\\Users\\User\\Desktop\\BaoAfrik\\backend\\src\\utils\\errorUtils.ts:31:10)\n' +
    '    at C:\\Users\\User\\Desktop\\BaoAfrik\\backend\\src\\controllers\\authController.ts:305:34',
  url: '/api/auth/verify-email',
  method: 'POST',
  ip: '::1',
  userAgent: 'PostmanRuntime/7.46.1',
  level: 'error',
  timestamp: '2025-09-19 21:52:18'
}
{
  requestId: '03471588-87f6-4904-9871-38b028fe9125',
  service: 'baoafrik-api',
  environment: 'development',
  statusCode: 500,
  response: {
    success: false,
    message: 'Internal Server Error',
    stack: 'Error: Invalid or expired verification code\n' +
      '    at createUnauthorizedError (C:\\Users\\User\\Desktop\\BaoAfrik\\backend\\src\\utils\\errorUtils.ts:31:10)\n' +
      '    at C:\\Users\\User\\Desktop\\BaoAfrik\\backend\\src\\controllers\\authController.ts:305:34',
    originalError: 'Invalid or expired verification code'
  },
  level: 'error',
  message: 'Error response',
  timestamp: '2025-09-19 21:52:18'
}
{
  service: 'baoafrik-api',
  environment: 'development',
  message: 'Error occurred: Invalid refresh token',
  stack: 'Error: Invalid refresh token\n' +
    '    at createError (C:\\Users\\User\\Desktop\\BaoAfrik\\backend\\src\\utils\\errorUtils.ts:20:10)\n' +
    '    at verifyRefreshToken (C:\\Users\\User\\Desktop\\BaoAfrik\\backend\\src\\utils\\jwtUtils.ts:83:24)\n' +
    '    at C:\\Users\\User\\Desktop\\BaoAfrik\\backend\\src\\controllers\\authController.ts:245:37\n' +
    '    at C:\\Users\\User\\Desktop\\BaoAfrik\\backend\\src\\utils\\asyncHandler.ts:10:21\n' +
    '    at Layer.handle [as handle_request] (C:\\Users\\User\\Desktop\\BaoAfrik\\backend\\node_modules\\express\\lib\\router\\layer.js:95:5)\n' +
    '    at next (C:\\Users\\User\\Desktop\\BaoAfrik\\backend\\node_modules\\express\\lib\\router\\route.js:149:13)\n' +
    '    at C:\\Users\\User\\Desktop\\BaoAfrik\\backend\\node_modules\\express-rate-limit\\dist\\index.cjs:807:7\n' +
    '    at processTicksAndRejections (node:internal/process/task_queues:105:5)\n' +
    '    at async C:\\Users\\User\\Desktop\\BaoAfrik\\backend\\node_modules\\express-rate-limit\\dist\\index.cjs:691:5',
  url: '/api/auth/refresh',
  method: 'POST',
  ip: '::1',
  userAgent: 'PostmanRuntime/7.46.1',
  level: 'error',
  timestamp: '2025-09-19 21:52:26'
}
{
  requestId: 'f8136f30-14dc-433e-8e06-cc25b5a769d3',
  service: 'baoafrik-api',
  environment: 'development',
  statusCode: 500,
  response: {
    success: false,
    message: 'Internal Server Error',
    stack: 'Error: Invalid refresh token\n' +
      '    at createError (C:\\Users\\User\\Desktop\\BaoAfrik\\backend\\src\\utils\\errorUtils.ts:20:10)\n' +
      '    at verifyRefreshToken (C:\\Users\\User\\Desktop\\BaoAfrik\\backend\\src\\utils\\jwtUtils.ts:83:24)\n' +
      '    at C:\\Users\\User\\Desktop\\BaoAfrik\\backend\\src\\controllers\\authController.ts:245:37\n' +
      '    at C:\\Users\\User\\Desktop\\BaoAfrik\\backend\\src\\utils\\asyncHandler.ts:10:21\n' +
      '    at Layer.handle [as handle_request] (C:\\Users\\User\\Desktop\\BaoAfrik\\backend\\node_modules\\express\\lib\\router\\layer.js:95:5)\n' +
      '    at next (C:\\Users\\User\\Desktop\\BaoAfrik\\backend\\node_modules\\express\\lib\\router\\route.js:149:13)\n' +
      '    at C:\\Users\\User\\Desktop\\BaoAfrik\\backend\\node_modules\\express-rate-limit\\dist\\index.cjs:807:7\n' +
      '    at processTicksAndRejections (node:internal/process/task_queues:105:5)\n' +
      '    at async C:\\Users\\User\\Desktop\\BaoAfrik\\backend\\node_modules\\express-rate-limit\\dist\\index.cjs:691:5',
    originalError: 'Invalid refresh token'
  },
  level: 'error',
  message: 'Error response',
  timestamp: '2025-09-19 21:52:26'
}
{
  service: 'baoafrik-api',
  environment: 'development',
  code: 'EAUTH',
  response: '535-5.7.8 Username and Password not accepted. For more information, go to\n' +
    '535 5.7.8  https://support.google.com/mail/?p=BadCredentials ffacd0b85a97d-3ee0fbc7188sm9613085f8f.37 - gsmtp',
  responseCode: 535,
  command: 'AUTH PLAIN',
  level: 'error',
  message: 'Email service connection test failed: Invalid login: 535-5.7.8 Username and Password not accepted. For more information, go to\n' +
    '535 5.7.8  https://support.google.com/mail/?p=BadCredentials ffacd0b85a97d-3ee0fbc7188sm9613085f8f.37 - gsmtp',
  stack: 'Error: Invalid login: 535-5.7.8 Username and Password not accepted. For more information, go to\n' +
    '535 5.7.8  https://support.google.com/mail/?p=BadCredentials ffacd0b85a97d-3ee0fbc7188sm9613085f8f.37 - gsmtp\n' +
    '    at SMTPConnection._formatError (C:\\Users\\User\\Desktop\\BaoAfrik\\backend\\node_modules\\nodemailer\\lib\\smtp-connection\\index.js:809:19)\n' +
    '    at SMTPConnection._actionAUTHComplete (C:\\Users\\User\\Desktop\\BaoAfrik\\backend\\node_modules\\nodemailer\\lib\\smtp-connection\\index.js:1588:34)\n' +
    '    at SMTPConnection.<anonymous> (C:\\Users\\User\\Desktop\\BaoAfrik\\backend\\node_modules\\nodemailer\\lib\\smtp-connection\\index.js:556:26)\n' +
    '    at SMTPConnection._processResponse (C:\\Users\\User\\Desktop\\BaoAfrik\\backend\\node_modules\\nodemailer\\lib\\smtp-connection\\index.js:993:20)\n' +
    '    at SMTPConnection._onData (C:\\Users\\User\\Desktop\\BaoAfrik\\backend\\node_modules\\nodemailer\\lib\\smtp-connection\\index.js:774:14)\n' +
    '    at TLSSocket.SMTPConnection._onSocketData (C:\\Users\\User\\Desktop\\BaoAfrik\\backend\\node_modules\\nodemailer\\lib\\smtp-connection\\index.js:195:44)\n' +
    '    at TLSSocket.emit (node:events:518:28)\n' +
    '    at TLSSocket.emit (node:domain:489:12)\n' +
    '    at addChunk (node:internal/streams/readable:561:12)\n' +
    '    at readableAddChunkPushByteMode (node:internal/streams/readable:512:3)',
  timestamp: '2025-09-19 21:52:39'
}
{
  service: 'baoafrik-api',
  environment: 'development',
  error: 'Invalid login: 535-5.7.8 Username and Password not accepted. For more information, go to\n' +
    '535 5.7.8  https://support.google.com/mail/?p=BadCredentials 5b1f17b1804b1-4613d33633bsm141832715e9.11 - gsmtp',
  to: 'your-test-email@example.com',
  subject: 'Verify your BaoAfrik account',
  level: 'error',
  message: 'Failed to send email',
  timestamp: '2025-09-19 21:52:58'
}
{
  requestId: '4980c444-d600-4ad1-8cbd-cf58923834e3',
  service: 'baoafrik-api',
  environment: 'development',
  statusCode: 500,
  response: { success: false, message: 'Failed to send test email' },
  level: 'error',
  message: 'Error response',
  timestamp: '2025-09-19 21:52:58'
}
{
  service: 'baoafrik-api',
  environment: 'development',
  message: 'Error occurred: Invalid or expired verification code',
  stack: 'Error: Invalid or expired verification code\n' +
    '    at createUnauthorizedError (C:\\Users\\User\\Desktop\\BaoAfrik\\backend\\src\\utils\\errorUtils.ts:31:10)\n' +
    '    at C:\\Users\\User\\Desktop\\BaoAfrik\\backend\\src\\controllers\\authController.ts:305:34',
  url: '/api/auth/verify-email',
  method: 'POST',
  ip: '::1',
  userAgent: 'PostmanRuntime/7.46.1',
  level: 'error',
  timestamp: '2025-09-19 21:53:38'
}
{
  requestId: '51776129-2819-4ff6-80ea-5a08646ad968',
  service: 'baoafrik-api',
  environment: 'development',
  statusCode: 500,
  response: {
    success: false,
    message: 'Internal Server Error',
    stack: 'Error: Invalid or expired verification code\n' +
      '    at createUnauthorizedError (C:\\Users\\User\\Desktop\\BaoAfrik\\backend\\src\\utils\\errorUtils.ts:31:10)\n' +
      '    at C:\\Users\\User\\Desktop\\BaoAfrik\\backend\\src\\controllers\\authController.ts:305:34',
    originalError: 'Invalid or expired verification code'
  },
  level: 'error',
  message: 'Error response',
  timestamp: '2025-09-19 21:53:38'
}
{
  service: 'baoafrik-api',
  environment: 'development',
  code: 'EAUTH',
  response: '535-5.7.8 Username and Password not accepted. For more information, go to\n' +
    '535 5.7.8  https://support.google.com/mail/?p=BadCredentials 5b1f17b1804b1-45f32640f49sm83039625e9.9 - gsmtp',
  responseCode: 535,
  command: 'AUTH PLAIN',
  level: 'error',
  message: 'SMTP connection verification failed: Invalid login: 535-5.7.8 Username and Password not accepted. For more information, go to\n' +
    '535 5.7.8  https://support.google.com/mail/?p=BadCredentials 5b1f17b1804b1-45f32640f49sm83039625e9.9 - gsmtp',
  stack: 'Error: Invalid login: 535-5.7.8 Username and Password not accepted. For more information, go to\n' +
    '535 5.7.8  https://support.google.com/mail/?p=BadCredentials 5b1f17b1804b1-45f32640f49sm83039625e9.9 - gsmtp\n' +
    '    at SMTPConnection._formatError (C:\\Users\\User\\Desktop\\BaoAfrik\\backend\\node_modules\\nodemailer\\lib\\smtp-connection\\index.js:809:19)\n' +
    '    at SMTPConnection._actionAUTHComplete (C:\\Users\\User\\Desktop\\BaoAfrik\\backend\\node_modules\\nodemailer\\lib\\smtp-connection\\index.js:1588:34)\n' +
    '    at SMTPConnection.<anonymous> (C:\\Users\\User\\Desktop\\BaoAfrik\\backend\\node_modules\\nodemailer\\lib\\smtp-connection\\index.js:556:26)\n' +
    '    at SMTPConnection._processResponse (C:\\Users\\User\\Desktop\\BaoAfrik\\backend\\node_modules\\nodemailer\\lib\\smtp-connection\\index.js:993:20)\n' +
    '    at SMTPConnection._onData (C:\\Users\\User\\Desktop\\BaoAfrik\\backend\\node_modules\\nodemailer\\lib\\smtp-connection\\index.js:774:14)\n' +
    '    at TLSSocket.SMTPConnection._onSocketData (C:\\Users\\User\\Desktop\\BaoAfrik\\backend\\node_modules\\nodemailer\\lib\\smtp-connection\\index.js:195:44)\n' +
    '    at TLSSocket.emit (node:events:518:28)\n' +
    '    at TLSSocket.emit (node:domain:489:12)\n' +
    '    at addChunk (node:internal/streams/readable:561:12)\n' +
    '    at readableAddChunkPushByteMode (node:internal/streams/readable:512:3)',
  timestamp: '2025-09-19 22:13:08'
}
{
  service: 'baoafrik-api',
  environment: 'development',
  error: 'Invalid login: 535-5.7.8 Username and Password not accepted. For more information, go to\n' +
    '535 5.7.8  https://support.google.com/mail/?p=BadCredentials 5b1f17b1804b1-464f4f9f41csm111342375e9.15 - gsmtp',
  to: 'arreyjohnson518@gmail.com',
  subject: 'Verify your BaoAfrik account',
  level: 'error',
  message: 'Failed to send email',
  timestamp: '2025-09-19 22:15:14'
}
{
  service: 'baoafrik-api',
  environment: 'development',
  code: 'EAUTH',
  response: '535-5.7.8 Username and Password not accepted. For more information, go to\n' +
    '535 5.7.8  https://support.google.com/mail/?p=BadCredentials 5b1f17b1804b1-464f0aac271sm97782265e9.3 - gsmtp',
  responseCode: 535,
  command: 'AUTH PLAIN',
  level: 'error',
  message: 'SMTP connection verification failed: Invalid login: 535-5.7.8 Username and Password not accepted. For more information, go to\n' +
    '535 5.7.8  https://support.google.com/mail/?p=BadCredentials 5b1f17b1804b1-464f0aac271sm97782265e9.3 - gsmtp',
  stack: 'Error: Invalid login: 535-5.7.8 Username and Password not accepted. For more information, go to\n' +
    '535 5.7.8  https://support.google.com/mail/?p=BadCredentials 5b1f17b1804b1-464f0aac271sm97782265e9.3 - gsmtp\n' +
    '    at SMTPConnection._formatError (C:\\Users\\User\\Desktop\\BaoAfrik\\backend\\node_modules\\nodemailer\\lib\\smtp-connection\\index.js:809:19)\n' +
    '    at SMTPConnection._actionAUTHComplete (C:\\Users\\User\\Desktop\\BaoAfrik\\backend\\node_modules\\nodemailer\\lib\\smtp-connection\\index.js:1588:34)\n' +
    '    at SMTPConnection.<anonymous> (C:\\Users\\User\\Desktop\\BaoAfrik\\backend\\node_modules\\nodemailer\\lib\\smtp-connection\\index.js:556:26)\n' +
    '    at SMTPConnection._processResponse (C:\\Users\\User\\Desktop\\BaoAfrik\\backend\\node_modules\\nodemailer\\lib\\smtp-connection\\index.js:993:20)\n' +
    '    at SMTPConnection._onData (C:\\Users\\User\\Desktop\\BaoAfrik\\backend\\node_modules\\nodemailer\\lib\\smtp-connection\\index.js:774:14)\n' +
    '    at TLSSocket.SMTPConnection._onSocketData (C:\\Users\\User\\Desktop\\BaoAfrik\\backend\\node_modules\\nodemailer\\lib\\smtp-connection\\index.js:195:44)\n' +
    '    at TLSSocket.emit (node:events:518:28)\n' +
    '    at TLSSocket.emit (node:domain:489:12)\n' +
    '    at addChunk (node:internal/streams/readable:561:12)\n' +
    '    at readableAddChunkPushByteMode (node:internal/streams/readable:512:3)',
  timestamp: '2025-09-19 22:21:16'
}
{
  service: 'baoafrik-api',
  environment: 'development',
  message: 'Error occurred: Invalid email or password',
  stack: 'Error: Invalid email or password\n' +
    '    at createUnauthorizedError (C:\\Users\\User\\Desktop\\BaoAfrik\\backend\\src\\utils\\errorUtils.ts:31:10)\n' +
    '    at C:\\Users\\User\\Desktop\\BaoAfrik\\backend\\src\\controllers\\authController.ts:143:34',
  url: '/api/auth/login',
  method: 'POST',
  ip: '::1',
  userAgent: 'Mozilla/5.0 (Windows NT 10.0; Win64; x64) AppleWebKit/537.36 (KHTML, like Gecko) Chrome/140.0.0.0 Safari/537.36',
  level: 'error',
  timestamp: '2025-09-19 23:48:43'
}
{
  requestId: 'b16d3976-5525-4cad-840d-724e69a8f6c7',
  service: 'baoafrik-api',
  environment: 'development',
  statusCode: 500,
  response: {
    success: false,
    message: 'Internal Server Error',
    stack: 'Error: Invalid email or password\n' +
      '    at createUnauthorizedError (C:\\Users\\User\\Desktop\\BaoAfrik\\backend\\src\\utils\\errorUtils.ts:31:10)\n' +
      '    at C:\\Users\\User\\Desktop\\BaoAfrik\\backend\\src\\controllers\\authController.ts:143:34',
    originalError: 'Invalid email or password'
  },
  level: 'error',
  message: 'Error response',
  timestamp: '2025-09-19 23:48:43'
}
{
  service: 'baoafrik-api',
  environment: 'development',
  message: 'Error occurred: Please verify your email before logging in',
  stack: 'Error: Please verify your email before logging in\n' +
    '    at createUnauthorizedError (C:\\Users\\User\\Desktop\\BaoAfrik\\backend\\src\\utils\\errorUtils.ts:31:10)\n' +
    '    at C:\\Users\\User\\Desktop\\BaoAfrik\\backend\\src\\controllers\\authController.ts:148:34',
  url: '/api/auth/login',
  method: 'POST',
  ip: '::1',
  userAgent: 'Mozilla/5.0 (Linux; Android 6.0; Nexus 5 Build/MRA58N) AppleWebKit/537.36 (KHTML, like Gecko) Chrome/140.0.0.0 Mobile Safari/537.36',
  level: 'error',
  timestamp: '2025-09-19 23:49:24'
}
{
  requestId: 'dc654190-2f83-48ff-9e9d-6c2cf212cfb1',
  service: 'baoafrik-api',
  environment: 'development',
  statusCode: 500,
  response: {
    success: false,
    message: 'Internal Server Error',
    stack: 'Error: Please verify your email before logging in\n' +
      '    at createUnauthorizedError (C:\\Users\\User\\Desktop\\BaoAfrik\\backend\\src\\utils\\errorUtils.ts:31:10)\n' +
      '    at C:\\Users\\User\\Desktop\\BaoAfrik\\backend\\src\\controllers\\authController.ts:148:34',
    originalError: 'Please verify your email before logging in'
  },
  level: 'error',
  message: 'Error response',
  timestamp: '2025-09-19 23:49:24'
}
{
  service: 'baoafrik-api',
  environment: 'development',
  message: 'Error occurred: Invalid or expired verification code',
  stack: 'Error: Invalid or expired verification code\n' +
    '    at createUnauthorizedError (C:\\Users\\User\\Desktop\\BaoAfrik\\backend\\src\\utils\\errorUtils.ts:31:10)\n' +
    '    at C:\\Users\\User\\Desktop\\BaoAfrik\\backend\\src\\controllers\\authController.ts:305:34',
  url: '/api/auth/verify-email',
  method: 'POST',
  ip: '::1',
  userAgent: 'Mozilla/5.0 (Windows NT 10.0; Win64; x64) AppleWebKit/537.36 (KHTML, like Gecko) Chrome/140.0.0.0 Safari/537.36',
  level: 'error',
  timestamp: '2025-09-19 23:52:14'
}
{
  requestId: '5c2205fd-5f90-45db-960a-773aa4c3988d',
  service: 'baoafrik-api',
  environment: 'development',
  statusCode: 500,
  response: {
    success: false,
    message: 'Internal Server Error',
    stack: 'Error: Invalid or expired verification code\n' +
      '    at createUnauthorizedError (C:\\Users\\User\\Desktop\\BaoAfrik\\backend\\src\\utils\\errorUtils.ts:31:10)\n' +
      '    at C:\\Users\\User\\Desktop\\BaoAfrik\\backend\\src\\controllers\\authController.ts:305:34',
    originalError: 'Invalid or expired verification code'
  },
  level: 'error',
  message: 'Error response',
  timestamp: '2025-09-19 23:52:14'
}
{
  requestId: 'f440b524-e1b4-4cdf-8f99-d22b26825ba4',
  service: 'baoafrik-api',
  environment: 'development',
  statusCode: 429,
  response: {
    success: false,
    message: 'Too many authentication attempts, please try again later.',
    errors: { general: 'Rate limit exceeded' }
  },
  level: 'error',
  message: 'Error response',
  timestamp: '2025-09-19 23:54:43'
}
{
  requestId: 'f0ed84a4-3909-4174-86b3-bfdc57eec4c7',
  service: 'baoafrik-api',
  environment: 'development',
  statusCode: 429,
  response: {
    success: false,
    message: 'Too many authentication attempts, please try again later.',
    errors: { general: 'Rate limit exceeded' }
  },
  level: 'error',
  message: 'Error response',
  timestamp: '2025-09-19 23:55:04'
}
{
  service: 'baoafrik-api',
  environment: 'development',
  message: 'Error occurred: Please verify your email before logging in',
  stack: 'Error: Please verify your email before logging in\n' +
    '    at createUnauthorizedError (C:\\Users\\User\\Desktop\\BaoAfrik\\backend\\src\\utils\\errorUtils.ts:31:10)\n' +
    '    at C:\\Users\\User\\Desktop\\BaoAfrik\\backend\\src\\controllers\\authController.ts:148:34',
  url: '/api/auth/login',
  method: 'POST',
  ip: '::1',
  userAgent: 'Mozilla/5.0 (Linux; Android 6.0; Nexus 5 Build/MRA58N) AppleWebKit/537.36 (KHTML, like Gecko) Chrome/140.0.0.0 Mobile Safari/537.36',
  level: 'error',
  timestamp: '2025-09-20 00:01:31'
}
{
  requestId: '3043f55a-e5fa-4274-8439-38d4ab46e6c2',
  service: 'baoafrik-api',
  environment: 'development',
  statusCode: 500,
  response: {
    success: false,
    message: 'Internal Server Error',
    stack: 'Error: Please verify your email before logging in\n' +
      '    at createUnauthorizedError (C:\\Users\\User\\Desktop\\BaoAfrik\\backend\\src\\utils\\errorUtils.ts:31:10)\n' +
      '    at C:\\Users\\User\\Desktop\\BaoAfrik\\backend\\src\\controllers\\authController.ts:148:34',
    originalError: 'Please verify your email before logging in'
  },
  level: 'error',
  message: 'Error response',
  timestamp: '2025-09-20 00:01:31'
}
{
  service: 'baoafrik-api',
  environment: 'development',
  message: 'Error occurred: Please verify your email before logging in',
  stack: 'Error: Please verify your email before logging in\n' +
    '    at createUnauthorizedError (C:\\Users\\User\\Desktop\\BaoAfrik\\backend\\src\\utils\\errorUtils.ts:31:10)\n' +
    '    at C:\\Users\\User\\Desktop\\BaoAfrik\\backend\\src\\controllers\\authController.ts:148:34',
  url: '/api/auth/login',
  method: 'POST',
  ip: '::1',
  userAgent: 'Mozilla/5.0 (Linux; Android 6.0; Nexus 5 Build/MRA58N) AppleWebKit/537.36 (KHTML, like Gecko) Chrome/140.0.0.0 Mobile Safari/537.36',
  level: 'error',
  timestamp: '2025-09-20 00:04:04'
}
{
  requestId: '1fbb5bc3-9ccb-4b8b-88cb-51e533caf108',
  service: 'baoafrik-api',
  environment: 'development',
  statusCode: 500,
  response: {
    success: false,
    message: 'Internal Server Error',
    stack: 'Error: Please verify your email before logging in\n' +
      '    at createUnauthorizedError (C:\\Users\\User\\Desktop\\BaoAfrik\\backend\\src\\utils\\errorUtils.ts:31:10)\n' +
      '    at C:\\Users\\User\\Desktop\\BaoAfrik\\backend\\src\\controllers\\authController.ts:148:34',
    originalError: 'Please verify your email before logging in'
  },
  level: 'error',
  message: 'Error response',
  timestamp: '2025-09-20 00:04:04'
}
{
  service: 'baoafrik-api',
  environment: 'development',
  message: 'Error occurred: Please verify your email before logging in',
  stack: 'Error: Please verify your email before logging in\n' +
    '    at createUnauthorizedError (C:\\Users\\User\\Desktop\\BaoAfrik\\backend\\src\\utils\\errorUtils.ts:31:10)\n' +
    '    at C:\\Users\\User\\Desktop\\BaoAfrik\\backend\\src\\controllers\\authController.ts:148:34',
  url: '/api/auth/login',
  method: 'POST',
  ip: '::1',
  userAgent: 'Mozilla/5.0 (Linux; Android 6.0; Nexus 5 Build/MRA58N) AppleWebKit/537.36 (KHTML, like Gecko) Chrome/140.0.0.0 Mobile Safari/537.36',
  level: 'error',
  timestamp: '2025-09-20 00:14:57'
}
{
  requestId: 'e7c10afc-16cc-4e2b-aaac-220f2c7d9f34',
  service: 'baoafrik-api',
  environment: 'development',
  statusCode: 500,
  response: {
    success: false,
    message: 'Internal Server Error',
    stack: 'Error: Please verify your email before logging in\n' +
      '    at createUnauthorizedError (C:\\Users\\User\\Desktop\\BaoAfrik\\backend\\src\\utils\\errorUtils.ts:31:10)\n' +
      '    at C:\\Users\\User\\Desktop\\BaoAfrik\\backend\\src\\controllers\\authController.ts:148:34',
    originalError: 'Please verify your email before logging in'
  },
  level: 'error',
  message: 'Error response',
  timestamp: '2025-09-20 00:14:57'
}
{
  service: 'baoafrik-api',
  environment: 'development',
  message: 'Error occurred: Please verify your email before logging in',
  stack: 'Error: Please verify your email before logging in\n' +
    '    at createUnauthorizedError (C:\\Users\\User\\Desktop\\BaoAfrik\\backend\\src\\utils\\errorUtils.ts:31:10)\n' +
    '    at C:\\Users\\User\\Desktop\\BaoAfrik\\backend\\src\\controllers\\authController.ts:148:34',
  url: '/api/auth/login',
  method: 'POST',
  ip: '::1',
  userAgent: 'Mozilla/5.0 (Windows NT 10.0; Win64; x64) AppleWebKit/537.36 (KHTML, like Gecko) Chrome/140.0.0.0 Safari/537.36',
  level: 'error',
  timestamp: '2025-09-20 17:49:47'
}
{
  requestId: '5244f549-5d8f-4731-bf96-b4cb23a3f073',
  service: 'baoafrik-api',
  environment: 'development',
  statusCode: 500,
  response: {
    success: false,
    message: 'Internal Server Error',
    stack: 'Error: Please verify your email before logging in\n' +
      '    at createUnauthorizedError (C:\\Users\\User\\Desktop\\BaoAfrik\\backend\\src\\utils\\errorUtils.ts:31:10)\n' +
      '    at C:\\Users\\User\\Desktop\\BaoAfrik\\backend\\src\\controllers\\authController.ts:148:34',
    originalError: 'Please verify your email before logging in'
  },
  level: 'error',
  message: 'Error response',
  timestamp: '2025-09-20 17:49:47'
}
{
  service: 'baoafrik-api',
  environment: 'development',
  message: 'Error occurred: Please verify your email before logging in',
  stack: 'Error: Please verify your email before logging in\n' +
    '    at createUnauthorizedError (C:\\Users\\User\\Desktop\\BaoAfrik\\backend\\src\\middleware\\errorMiddleware.ts:164:10)\n' +
    '    at C:\\Users\\User\\Desktop\\BaoAfrik\\backend\\src\\controllers\\authController.ts:147:34',
  url: '/api/auth/login',
  method: 'POST',
  ip: '::1',
  userAgent: 'Mozilla/5.0 (Windows NT 10.0; Win64; x64) AppleWebKit/537.36 (KHTML, like Gecko) Chrome/140.0.0.0 Safari/537.36',
  level: 'error',
  timestamp: '2025-09-20 17:54:57'
}
{
  requestId: 'f321efb6-e920-421c-8d5a-d88e3896fafd',
  service: 'baoafrik-api',
  environment: 'development',
  statusCode: 401,
  response: {
    success: false,
    message: 'Please verify your email before logging in',
    stack: 'Error: Please verify your email before logging in\n' +
      '    at createUnauthorizedError (C:\\Users\\User\\Desktop\\BaoAfrik\\backend\\src\\middleware\\errorMiddleware.ts:164:10)\n' +
      '    at C:\\Users\\User\\Desktop\\BaoAfrik\\backend\\src\\controllers\\authController.ts:147:34',
    originalError: 'Please verify your email before logging in'
  },
  level: 'error',
  message: 'Error response',
  timestamp: '2025-09-20 17:54:57'
}
{
  message: 'Port 3001 is already in use',
  level: 'error',
  service: 'baoafrik-api',
  environment: 'development',
  timestamp: '2025-09-22 10:22:19'
}
{
  message: 'Port 3001 is already in use',
  level: 'error',
  service: 'baoafrik-api',
  environment: 'development',
  timestamp: '2025-09-22 10:23:22'
}
{
  message: 'Port 3001 is already in use',
  level: 'error',
  service: 'baoafrik-api',
  environment: 'development',
  timestamp: '2025-09-22 10:29:57'
}
{
  message: 'Port 3001 is already in use',
  level: 'error',
  service: 'baoafrik-api',
  environment: 'development',
  timestamp: '2025-09-22 10:33:42'
}
{
  service: 'baoafrik-api',
  environment: 'development',
  message: 'Error occurred: Invalid email or password',
  stack: 'Error: Invalid email or password\n' +
    '    at createUnauthorizedError (C:\\Users\\User\\Desktop\\BaoAfrik\\backend\\src\\middleware\\errorMiddleware.ts:164:10)\n' +
    '    at C:\\Users\\User\\Desktop\\BaoAfrik\\backend\\src\\controllers\\authController.ts:142:34',
  url: '/api/auth/login',
  method: 'POST',
  ip: '::1',
  userAgent: 'Mozilla/5.0 (Windows NT 10.0; Win64; x64) AppleWebKit/537.36 (KHTML, like Gecko) Chrome/140.0.0.0 Safari/537.36',
  level: 'error',
  timestamp: '2025-09-22 12:00:50'
}
{
  requestId: 'a00945c1-e136-43f4-8d94-5e37ccfa3a94',
  service: 'baoafrik-api',
  environment: 'development',
  statusCode: 401,
  response: {
    success: false,
    message: 'Invalid email or password',
    stack: 'Error: Invalid email or password\n' +
      '    at createUnauthorizedError (C:\\Users\\User\\Desktop\\BaoAfrik\\backend\\src\\middleware\\errorMiddleware.ts:164:10)\n' +
      '    at C:\\Users\\User\\Desktop\\BaoAfrik\\backend\\src\\controllers\\authController.ts:142:34',
    originalError: 'Invalid email or password'
  },
  level: 'error',
  message: 'Error response',
  timestamp: '2025-09-22 12:00:50'
}
{
  message: 'Port 3001 is already in use',
  level: 'error',
  service: 'baoafrik-api',
  environment: 'development',
  timestamp: '2025-09-22 12:02:08'
}
{
  service: 'baoafrik-api',
  environment: 'development',
  message: 'Error occurred: Not Found - /api/auth/forgot-password',
  stack: 'Error: Not Found - /api/auth/forgot-password\n' +
    '    at notFound (C:\\Users\\User\\Desktop\\BaoAfrik\\backend\\src\\middleware\\errorMiddleware.ts:25:17)\n' +
    '    at Layer.handle [as handle_request] (C:\\Users\\User\\Desktop\\BaoAfrik\\backend\\node_modules\\express\\lib\\router\\layer.js:95:5)\n' +
    '    at trim_prefix (C:\\Users\\User\\Desktop\\BaoAfrik\\backend\\node_modules\\express\\lib\\router\\index.js:328:13)\n' +
    '    at C:\\Users\\User\\Desktop\\BaoAfrik\\backend\\node_modules\\express\\lib\\router\\index.js:286:9\n' +
    '    at Function.process_params (C:\\Users\\User\\Desktop\\BaoAfrik\\backend\\node_modules\\express\\lib\\router\\index.js:346:12)\n' +
    '    at next (C:\\Users\\User\\Desktop\\BaoAfrik\\backend\\node_modules\\express\\lib\\router\\index.js:280:10)\n' +
    '    at C:\\Users\\User\\Desktop\\BaoAfrik\\backend\\node_modules\\express\\lib\\router\\index.js:646:15\n' +
    '    at next (C:\\Users\\User\\Desktop\\BaoAfrik\\backend\\node_modules\\express\\lib\\router\\index.js:265:14)\n' +
    '    at Function.handle (C:\\Users\\User\\Desktop\\BaoAfrik\\backend\\node_modules\\express\\lib\\router\\index.js:175:3)\n' +
    '    at router (C:\\Users\\User\\Desktop\\BaoAfrik\\backend\\node_modules\\express\\lib\\router\\index.js:47:12)',
  url: '/api/auth/forgot-password',
  method: 'POST',
  ip: '::1',
  userAgent: 'Mozilla/5.0 (Windows NT 10.0; Win64; x64) AppleWebKit/537.36 (KHTML, like Gecko) Chrome/140.0.0.0 Safari/537.36',
  level: 'error',
  timestamp: '2025-09-25 10:21:24'
}
{
  requestId: 'f51e2d25-13e8-4e59-9d2d-9cadcf6369e0',
  service: 'baoafrik-api',
  environment: 'development',
  statusCode: 404,
  response: {
    success: false,
    message: 'Not Found - /api/auth/forgot-password',
    stack: 'Error: Not Found - /api/auth/forgot-password\n' +
      '    at notFound (C:\\Users\\User\\Desktop\\BaoAfrik\\backend\\src\\middleware\\errorMiddleware.ts:25:17)\n' +
      '    at Layer.handle [as handle_request] (C:\\Users\\User\\Desktop\\BaoAfrik\\backend\\node_modules\\express\\lib\\router\\layer.js:95:5)\n' +
      '    at trim_prefix (C:\\Users\\User\\Desktop\\BaoAfrik\\backend\\node_modules\\express\\lib\\router\\index.js:328:13)\n' +
      '    at C:\\Users\\User\\Desktop\\BaoAfrik\\backend\\node_modules\\express\\lib\\router\\index.js:286:9\n' +
      '    at Function.process_params (C:\\Users\\User\\Desktop\\BaoAfrik\\backend\\node_modules\\express\\lib\\router\\index.js:346:12)\n' +
      '    at next (C:\\Users\\User\\Desktop\\BaoAfrik\\backend\\node_modules\\express\\lib\\router\\index.js:280:10)\n' +
      '    at C:\\Users\\User\\Desktop\\BaoAfrik\\backend\\node_modules\\express\\lib\\router\\index.js:646:15\n' +
      '    at next (C:\\Users\\User\\Desktop\\BaoAfrik\\backend\\node_modules\\express\\lib\\router\\index.js:265:14)\n' +
      '    at Function.handle (C:\\Users\\User\\Desktop\\BaoAfrik\\backend\\node_modules\\express\\lib\\router\\index.js:175:3)\n' +
      '    at router (C:\\Users\\User\\Desktop\\BaoAfrik\\backend\\node_modules\\express\\lib\\router\\index.js:47:12)',
    originalError: 'Not Found - /api/auth/forgot-password'
  },
  level: 'error',
  message: 'Error response',
  timestamp: '2025-09-25 10:21:24'
}
{
  message: 'Port 3001 is already in use',
  level: 'error',
  service: 'baoafrik-api',
  environment: 'development',
  timestamp: '2025-09-25 10:29:15'
}
{
  message: 'Port 3001 is already in use',
  level: 'error',
  service: 'baoafrik-api',
  environment: 'development',
  timestamp: '2025-09-25 10:30:46'
}
{
  message: 'Port 3001 is already in use',
  level: 'error',
  service: 'baoafrik-api',
  environment: 'development',
  timestamp: '2025-09-25 10:32:34'
}
{
  message: 'Port 3001 is already in use',
  level: 'error',
  service: 'baoafrik-api',
  environment: 'development',
  timestamp: '2025-09-25 10:32:59'
}
{
  service: 'baoafrik-api',
  environment: 'development',
  error: 'connect ETIMEDOUT 142.251.31.108:587',
  to: 'arreyjohnson518@gmail.com',
  subject: 'Reset your BaoAfrik password',
  level: 'error',
  message: 'Failed to send email',
  timestamp: '2025-09-25 10:42:02'
}
{
  message: 'Port 3001 is already in use',
  level: 'error',
  service: 'baoafrik-api',
  environment: 'development',
  timestamp: '2025-09-26 09:36:54'
}
{
  service: 'baoafrik-api',
  environment: 'development',
  message: 'Error occurred: Invalid access token',
  stack: 'Error: Invalid access token\n' +
    '    at createUnauthorizedError (C:\\Users\\User\\Desktop\\BaoAfrik\\backend\\src\\utils\\errorUtils.ts:31:10)\n' +
    '    at C:\\Users\\User\\Desktop\\BaoAfrik\\backend\\src\\middleware\\authMiddleware.ts:86:36\n' +
    '    at C:\\Users\\User\\Desktop\\BaoAfrik\\backend\\src\\utils\\asyncHandler.ts:10:21\n' +
    '    at Layer.handle [as handle_request] (C:\\Users\\User\\Desktop\\BaoAfrik\\backend\\node_modules\\express\\lib\\router\\layer.js:95:5)\n' +
    '    at next (C:\\Users\\User\\Desktop\\BaoAfrik\\backend\\node_modules\\express\\lib\\router\\route.js:149:13)\n' +
    '    at C:\\Users\\User\\Desktop\\BaoAfrik\\backend\\node_modules\\express-rate-limit\\dist\\index.cjs:807:7\n' +
    '    at processTicksAndRejections (node:internal/process/task_queues:105:5)\n' +
    '    at async C:\\Users\\User\\Desktop\\BaoAfrik\\backend\\node_modules\\express-rate-limit\\dist\\index.cjs:691:5',
  url: '/api/auth/me',
  method: 'GET',
  ip: '::1',
  userAgent: 'Mozilla/5.0 (Windows NT 10.0; Win64; x64) AppleWebKit/537.36 (KHTML, like Gecko) Chrome/140.0.0.0 Safari/537.36',
  level: 'error',
  timestamp: '2025-09-26 10:05:22'
}
{
  requestId: '9742872c-0da3-4527-86d8-6d66ab590259',
  service: 'baoafrik-api',
  environment: 'development',
  statusCode: 500,
  response: {
    success: false,
    message: 'Internal Server Error',
    stack: 'Error: Invalid access token\n' +
      '    at createUnauthorizedError (C:\\Users\\User\\Desktop\\BaoAfrik\\backend\\src\\utils\\errorUtils.ts:31:10)\n' +
      '    at C:\\Users\\User\\Desktop\\BaoAfrik\\backend\\src\\middleware\\authMiddleware.ts:86:36\n' +
      '    at C:\\Users\\User\\Desktop\\BaoAfrik\\backend\\src\\utils\\asyncHandler.ts:10:21\n' +
      '    at Layer.handle [as handle_request] (C:\\Users\\User\\Desktop\\BaoAfrik\\backend\\node_modules\\express\\lib\\router\\layer.js:95:5)\n' +
      '    at next (C:\\Users\\User\\Desktop\\BaoAfrik\\backend\\node_modules\\express\\lib\\router\\route.js:149:13)\n' +
      '    at C:\\Users\\User\\Desktop\\BaoAfrik\\backend\\node_modules\\express-rate-limit\\dist\\index.cjs:807:7\n' +
      '    at processTicksAndRejections (node:internal/process/task_queues:105:5)\n' +
      '    at async C:\\Users\\User\\Desktop\\BaoAfrik\\backend\\node_modules\\express-rate-limit\\dist\\index.cjs:691:5',
    originalError: 'Invalid access token'
  },
  level: 'error',
  message: 'Error response',
  timestamp: '2025-09-26 10:05:22'
}
{
  service: 'baoafrik-api',
  environment: 'development',
  message: 'Error occurred: Invalid access token',
  stack: 'Error: Invalid access token\n' +
    '    at createUnauthorizedError (C:\\Users\\User\\Desktop\\BaoAfrik\\backend\\src\\utils\\errorUtils.ts:31:10)\n' +
    '    at C:\\Users\\User\\Desktop\\BaoAfrik\\backend\\src\\middleware\\authMiddleware.ts:86:36\n' +
    '    at C:\\Users\\User\\Desktop\\BaoAfrik\\backend\\src\\utils\\asyncHandler.ts:10:21\n' +
    '    at Layer.handle [as handle_request] (C:\\Users\\User\\Desktop\\BaoAfrik\\backend\\node_modules\\express\\lib\\router\\layer.js:95:5)\n' +
    '    at next (C:\\Users\\User\\Desktop\\BaoAfrik\\backend\\node_modules\\express\\lib\\router\\route.js:149:13)\n' +
    '    at C:\\Users\\User\\Desktop\\BaoAfrik\\backend\\node_modules\\express-rate-limit\\dist\\index.cjs:807:7\n' +
    '    at processTicksAndRejections (node:internal/process/task_queues:105:5)\n' +
    '    at async C:\\Users\\User\\Desktop\\BaoAfrik\\backend\\node_modules\\express-rate-limit\\dist\\index.cjs:691:5',
  url: '/api/auth/me',
  method: 'GET',
  ip: '::1',
  userAgent: 'Mozilla/5.0 (Windows NT 10.0; Win64; x64) AppleWebKit/537.36 (KHTML, like Gecko) Chrome/140.0.0.0 Safari/537.36',
  level: 'error',
  timestamp: '2025-09-26 10:05:22'
}
{
  requestId: '6916fb2f-c0cb-4dfc-b22a-fab4247b04d8',
  service: 'baoafrik-api',
  environment: 'development',
  statusCode: 500,
  response: {
    success: false,
    message: 'Internal Server Error',
    stack: 'Error: Invalid access token\n' +
      '    at createUnauthorizedError (C:\\Users\\User\\Desktop\\BaoAfrik\\backend\\src\\utils\\errorUtils.ts:31:10)\n' +
      '    at C:\\Users\\User\\Desktop\\BaoAfrik\\backend\\src\\middleware\\authMiddleware.ts:86:36\n' +
      '    at C:\\Users\\User\\Desktop\\BaoAfrik\\backend\\src\\utils\\asyncHandler.ts:10:21\n' +
      '    at Layer.handle [as handle_request] (C:\\Users\\User\\Desktop\\BaoAfrik\\backend\\node_modules\\express\\lib\\router\\layer.js:95:5)\n' +
      '    at next (C:\\Users\\User\\Desktop\\BaoAfrik\\backend\\node_modules\\express\\lib\\router\\route.js:149:13)\n' +
      '    at C:\\Users\\User\\Desktop\\BaoAfrik\\backend\\node_modules\\express-rate-limit\\dist\\index.cjs:807:7\n' +
      '    at processTicksAndRejections (node:internal/process/task_queues:105:5)\n' +
      '    at async C:\\Users\\User\\Desktop\\BaoAfrik\\backend\\node_modules\\express-rate-limit\\dist\\index.cjs:691:5',
    originalError: 'Invalid access token'
  },
  level: 'error',
  message: 'Error response',
  timestamp: '2025-09-26 10:05:22'
}
{
  service: 'baoafrik-api',
  environment: 'development',
  message: 'Error occurred: Invalid access token',
  stack: 'Error: Invalid access token\n' +
    '    at createUnauthorizedError (C:\\Users\\User\\Desktop\\BaoAfrik\\backend\\src\\utils\\errorUtils.ts:31:10)\n' +
    '    at C:\\Users\\User\\Desktop\\BaoAfrik\\backend\\src\\middleware\\authMiddleware.ts:86:36\n' +
    '    at C:\\Users\\User\\Desktop\\BaoAfrik\\backend\\src\\utils\\asyncHandler.ts:10:21\n' +
    '    at Layer.handle [as handle_request] (C:\\Users\\User\\Desktop\\BaoAfrik\\backend\\node_modules\\express\\lib\\router\\layer.js:95:5)\n' +
    '    at next (C:\\Users\\User\\Desktop\\BaoAfrik\\backend\\node_modules\\express\\lib\\router\\route.js:149:13)\n' +
    '    at C:\\Users\\User\\Desktop\\BaoAfrik\\backend\\node_modules\\express-rate-limit\\dist\\index.cjs:807:7\n' +
    '    at processTicksAndRejections (node:internal/process/task_queues:105:5)\n' +
    '    at async C:\\Users\\User\\Desktop\\BaoAfrik\\backend\\node_modules\\express-rate-limit\\dist\\index.cjs:691:5',
  url: '/api/auth/me',
  method: 'GET',
  ip: '::1',
  userAgent: 'Mozilla/5.0 (Windows NT 10.0; Win64; x64) AppleWebKit/537.36 (KHTML, like Gecko) Chrome/140.0.0.0 Safari/537.36',
  level: 'error',
  timestamp: '2025-09-26 10:05:57'
}
{
  requestId: '616cad94-f7e6-4394-9aef-d0f550237159',
  service: 'baoafrik-api',
  environment: 'development',
  statusCode: 500,
  response: {
    success: false,
    message: 'Internal Server Error',
    stack: 'Error: Invalid access token\n' +
      '    at createUnauthorizedError (C:\\Users\\User\\Desktop\\BaoAfrik\\backend\\src\\utils\\errorUtils.ts:31:10)\n' +
      '    at C:\\Users\\User\\Desktop\\BaoAfrik\\backend\\src\\middleware\\authMiddleware.ts:86:36\n' +
      '    at C:\\Users\\User\\Desktop\\BaoAfrik\\backend\\src\\utils\\asyncHandler.ts:10:21\n' +
      '    at Layer.handle [as handle_request] (C:\\Users\\User\\Desktop\\BaoAfrik\\backend\\node_modules\\express\\lib\\router\\layer.js:95:5)\n' +
      '    at next (C:\\Users\\User\\Desktop\\BaoAfrik\\backend\\node_modules\\express\\lib\\router\\route.js:149:13)\n' +
      '    at C:\\Users\\User\\Desktop\\BaoAfrik\\backend\\node_modules\\express-rate-limit\\dist\\index.cjs:807:7\n' +
      '    at processTicksAndRejections (node:internal/process/task_queues:105:5)\n' +
      '    at async C:\\Users\\User\\Desktop\\BaoAfrik\\backend\\node_modules\\express-rate-limit\\dist\\index.cjs:691:5',
    originalError: 'Invalid access token'
  },
  level: 'error',
  message: 'Error response',
  timestamp: '2025-09-26 10:05:57'
}
{
  service: 'baoafrik-api',
  environment: 'development',
  message: 'Error occurred: Invalid access token',
  stack: 'Error: Invalid access token\n' +
    '    at createUnauthorizedError (C:\\Users\\User\\Desktop\\BaoAfrik\\backend\\src\\utils\\errorUtils.ts:31:10)\n' +
    '    at C:\\Users\\User\\Desktop\\BaoAfrik\\backend\\src\\middleware\\authMiddleware.ts:86:36\n' +
    '    at C:\\Users\\User\\Desktop\\BaoAfrik\\backend\\src\\utils\\asyncHandler.ts:10:21\n' +
    '    at Layer.handle [as handle_request] (C:\\Users\\User\\Desktop\\BaoAfrik\\backend\\node_modules\\express\\lib\\router\\layer.js:95:5)\n' +
    '    at next (C:\\Users\\User\\Desktop\\BaoAfrik\\backend\\node_modules\\express\\lib\\router\\route.js:149:13)\n' +
    '    at C:\\Users\\User\\Desktop\\BaoAfrik\\backend\\node_modules\\express-rate-limit\\dist\\index.cjs:807:7\n' +
    '    at processTicksAndRejections (node:internal/process/task_queues:105:5)\n' +
    '    at async C:\\Users\\User\\Desktop\\BaoAfrik\\backend\\node_modules\\express-rate-limit\\dist\\index.cjs:691:5',
  url: '/api/auth/me',
  method: 'GET',
  ip: '::1',
  userAgent: 'Mozilla/5.0 (Windows NT 10.0; Win64; x64) AppleWebKit/537.36 (KHTML, like Gecko) Chrome/140.0.0.0 Safari/537.36',
  level: 'error',
  timestamp: '2025-09-26 10:05:57'
}
{
  requestId: 'a1e3058d-a132-4cea-ab3c-8de588121174',
  service: 'baoafrik-api',
  environment: 'development',
  statusCode: 500,
  response: {
    success: false,
    message: 'Internal Server Error',
    stack: 'Error: Invalid access token\n' +
      '    at createUnauthorizedError (C:\\Users\\User\\Desktop\\BaoAfrik\\backend\\src\\utils\\errorUtils.ts:31:10)\n' +
      '    at C:\\Users\\User\\Desktop\\BaoAfrik\\backend\\src\\middleware\\authMiddleware.ts:86:36\n' +
      '    at C:\\Users\\User\\Desktop\\BaoAfrik\\backend\\src\\utils\\asyncHandler.ts:10:21\n' +
      '    at Layer.handle [as handle_request] (C:\\Users\\User\\Desktop\\BaoAfrik\\backend\\node_modules\\express\\lib\\router\\layer.js:95:5)\n' +
      '    at next (C:\\Users\\User\\Desktop\\BaoAfrik\\backend\\node_modules\\express\\lib\\router\\route.js:149:13)\n' +
      '    at C:\\Users\\User\\Desktop\\BaoAfrik\\backend\\node_modules\\express-rate-limit\\dist\\index.cjs:807:7\n' +
      '    at processTicksAndRejections (node:internal/process/task_queues:105:5)\n' +
      '    at async C:\\Users\\User\\Desktop\\BaoAfrik\\backend\\node_modules\\express-rate-limit\\dist\\index.cjs:691:5',
    originalError: 'Invalid access token'
  },
  level: 'error',
  message: 'Error response',
  timestamp: '2025-09-26 10:05:57'
}
{
  service: 'baoafrik-api',
  environment: 'development',
  message: 'Error occurred: Invalid access token',
  stack: 'Error: Invalid access token\n' +
    '    at createUnauthorizedError (C:\\Users\\User\\Desktop\\BaoAfrik\\backend\\src\\utils\\errorUtils.ts:31:10)\n' +
    '    at C:\\Users\\User\\Desktop\\BaoAfrik\\backend\\src\\middleware\\authMiddleware.ts:86:36\n' +
    '    at C:\\Users\\User\\Desktop\\BaoAfrik\\backend\\src\\utils\\asyncHandler.ts:10:21\n' +
    '    at Layer.handle [as handle_request] (C:\\Users\\User\\Desktop\\BaoAfrik\\backend\\node_modules\\express\\lib\\router\\layer.js:95:5)\n' +
    '    at next (C:\\Users\\User\\Desktop\\BaoAfrik\\backend\\node_modules\\express\\lib\\router\\route.js:149:13)\n' +
    '    at C:\\Users\\User\\Desktop\\BaoAfrik\\backend\\node_modules\\express-rate-limit\\dist\\index.cjs:807:7\n' +
    '    at processTicksAndRejections (node:internal/process/task_queues:105:5)\n' +
    '    at async C:\\Users\\User\\Desktop\\BaoAfrik\\backend\\node_modules\\express-rate-limit\\dist\\index.cjs:691:5',
  url: '/api/auth/profile',
  method: 'PUT',
  ip: '::1',
  userAgent: 'Mozilla/5.0 (Windows NT 10.0; Win64; x64) AppleWebKit/537.36 (KHTML, like Gecko) Chrome/140.0.0.0 Safari/537.36',
  level: 'error',
  timestamp: '2025-09-26 10:06:33'
}
{
  requestId: 'f0a19320-9559-4dba-8bab-b231d81a89af',
  service: 'baoafrik-api',
  environment: 'development',
  statusCode: 500,
  response: {
    success: false,
    message: 'Internal Server Error',
    stack: 'Error: Invalid access token\n' +
      '    at createUnauthorizedError (C:\\Users\\User\\Desktop\\BaoAfrik\\backend\\src\\utils\\errorUtils.ts:31:10)\n' +
      '    at C:\\Users\\User\\Desktop\\BaoAfrik\\backend\\src\\middleware\\authMiddleware.ts:86:36\n' +
      '    at C:\\Users\\User\\Desktop\\BaoAfrik\\backend\\src\\utils\\asyncHandler.ts:10:21\n' +
      '    at Layer.handle [as handle_request] (C:\\Users\\User\\Desktop\\BaoAfrik\\backend\\node_modules\\express\\lib\\router\\layer.js:95:5)\n' +
      '    at next (C:\\Users\\User\\Desktop\\BaoAfrik\\backend\\node_modules\\express\\lib\\router\\route.js:149:13)\n' +
      '    at C:\\Users\\User\\Desktop\\BaoAfrik\\backend\\node_modules\\express-rate-limit\\dist\\index.cjs:807:7\n' +
      '    at processTicksAndRejections (node:internal/process/task_queues:105:5)\n' +
      '    at async C:\\Users\\User\\Desktop\\BaoAfrik\\backend\\node_modules\\express-rate-limit\\dist\\index.cjs:691:5',
    originalError: 'Invalid access token'
  },
  level: 'error',
  message: 'Error response',
  timestamp: '2025-09-26 10:06:33'
}
{
  service: 'baoafrik-api',
  environment: 'development',
  message: 'Error occurred: Invalid access token',
  stack: 'Error: Invalid access token\n' +
    '    at createUnauthorizedError (C:\\Users\\User\\Desktop\\BaoAfrik\\backend\\src\\utils\\errorUtils.ts:31:10)\n' +
    '    at C:\\Users\\User\\Desktop\\BaoAfrik\\backend\\src\\middleware\\authMiddleware.ts:86:36\n' +
    '    at C:\\Users\\User\\Desktop\\BaoAfrik\\backend\\src\\utils\\asyncHandler.ts:10:21\n' +
    '    at Layer.handle [as handle_request] (C:\\Users\\User\\Desktop\\BaoAfrik\\backend\\node_modules\\express\\lib\\router\\layer.js:95:5)\n' +
    '    at next (C:\\Users\\User\\Desktop\\BaoAfrik\\backend\\node_modules\\express\\lib\\router\\route.js:149:13)\n' +
    '    at C:\\Users\\User\\Desktop\\BaoAfrik\\backend\\node_modules\\express-rate-limit\\dist\\index.cjs:807:7\n' +
    '    at processTicksAndRejections (node:internal/process/task_queues:105:5)\n' +
    '    at async C:\\Users\\User\\Desktop\\BaoAfrik\\backend\\node_modules\\express-rate-limit\\dist\\index.cjs:691:5',
  url: '/api/auth/profile',
  method: 'PUT',
  ip: '::1',
  userAgent: 'Mozilla/5.0 (Windows NT 10.0; Win64; x64) AppleWebKit/537.36 (KHTML, like Gecko) Chrome/140.0.0.0 Safari/537.36',
  level: 'error',
  timestamp: '2025-09-26 10:06:39'
}
{
  requestId: 'c4864803-e5b0-4f82-97fc-12146f5391ce',
  service: 'baoafrik-api',
  environment: 'development',
  statusCode: 500,
  response: {
    success: false,
    message: 'Internal Server Error',
    stack: 'Error: Invalid access token\n' +
      '    at createUnauthorizedError (C:\\Users\\User\\Desktop\\BaoAfrik\\backend\\src\\utils\\errorUtils.ts:31:10)\n' +
      '    at C:\\Users\\User\\Desktop\\BaoAfrik\\backend\\src\\middleware\\authMiddleware.ts:86:36\n' +
      '    at C:\\Users\\User\\Desktop\\BaoAfrik\\backend\\src\\utils\\asyncHandler.ts:10:21\n' +
      '    at Layer.handle [as handle_request] (C:\\Users\\User\\Desktop\\BaoAfrik\\backend\\node_modules\\express\\lib\\router\\layer.js:95:5)\n' +
      '    at next (C:\\Users\\User\\Desktop\\BaoAfrik\\backend\\node_modules\\express\\lib\\router\\route.js:149:13)\n' +
      '    at C:\\Users\\User\\Desktop\\BaoAfrik\\backend\\node_modules\\express-rate-limit\\dist\\index.cjs:807:7\n' +
      '    at processTicksAndRejections (node:internal/process/task_queues:105:5)\n' +
      '    at async C:\\Users\\User\\Desktop\\BaoAfrik\\backend\\node_modules\\express-rate-limit\\dist\\index.cjs:691:5',
    originalError: 'Invalid access token'
  },
  level: 'error',
  message: 'Error response',
  timestamp: '2025-09-26 10:06:39'
}
